achang,0UAqFzWsDK4FrUMp48Y3,0
greenwilliam,ge0uIvtNmIBGd44f0SWM,2
thull,E1pu1lJo7XBetF5gIRHY,1
nhoward,mXHrfXtplYc8qeQijceR,1
juancampos,QZGGonQZArENR8wuhKul,0
vanessa89,ThnXuYgjRcJ4HQbNLJyw,0
kyleblair,cb7lhnX6bAgqnOvlFcg9,0
thomas15,q4D3JRmVWjkGh5PaQ324,0
ostewart,yOjQCeTHiVDLPK30itUZ,0
tammywoods,aluoNx2JzyRzPcBqjGEI,0
bryan80,2EtCY2Yl9NfS9yQtnSaZ,1
cortezraymond,LlLmsQlD5Mb4XhpOYNhj,0
salazarmaria,cmqtwJ007LENCA2lxsiq,0
john51,WSuMck8ryIsDoclGeyuz,0
sallywalker,IDuXYhhEcuQjkIX9fYmn,1
lindawest,ayGBEKQAw9qWAwd1R3BP,0
kaisernancy,EpN9XMgCwZgKEINAGQ3Z,1
jrodriguez,QpS3PL2rLvwZsNpbY51L,0
jasmine85,nca0ujjO8F3FJQXU9U4m,1
tamaramorrison,3z808Lo1b2TsJuEqZVxx,0
sean96,NhrZdczE1SPj9zLxcDjc,2
barbara42,iuROmWWgdRM5O8Ss07ys,0
lorijohnson,GWlWBUCWec5E36PJnfY3,1
thomas12,9r8wbagMtplnx8HCV55M,1
sandrakirby,hQvlZowKiaOT3UsQ5oiC,1
hmassey,v7i7wDs67Nl9gKj36Xtp,0
aimee33,sAcibeeAITiANfBw6dzz,0
criley,Bx7flggLjR5lAk7vGwNf,0
skeller,sZBCnh8sLAUfE7HzNbqP,0
christopher91,pGKygprU4KcXsvGp5kzr,1
vmatthews,iGng7HT4rBJihhyDIsNU,0
johndennis,DRtOdsUdMbD3aGe1QUPa,0
thorntonnathan,haqNs3iJlASxuOQj5jtm,0
marvincabrera,BWyYynm6KdyofldNkLLR,1
loganmelissa,UV2zdRPOHTACpDucdvra,0
brandonberry,WQ8y5Cvg2XuCubcwmGlm,0
johnsoncynthia,t1pvSc5eCScY8ChfgVz4,1
myersmitchell,LYI2y7pn0rv9g3LWSWFC,0
johnsonandrew,6kdpuBxb4ZYzXRioZoCC,0
jennifermendoza,nZoGPoMrkYIuKbiy8FeV,1
gilesandrew,pDDRX1h9QUaljManotpM,2
qoliver,HReiylts6mtUp1POovkb,2
walkerdeborah,HTjbMbcnOed8A3nAwku9,1
ryan08,xzqGTQCc5zyai1FTju0Y,0
gwilliams,BYLXOAfl9u95BBbqCWfs,0
wgonzalez,RqmqMhyaIPxttEKh9TRC,0
kmassey,dq9pQR59VVGxZph8X6pP,1
heidiharris,Qv43uUaYJ7wMuWL9aich,0
kramereric,6D6YWUlIA6kkOjgFXLUq,0
matthewking,aWYrqGtvRAiaFWRWxCc4,2
awade,XV3w8jmvRbTJplVAJoS1,0
kmaldonado,mcW2TTo0BKeKeEinCAVd,0
deborah64,KvJIrYy5if1weSPDt07b,1
annsmith,49VrPKzsdhiDNVcZcIUN,0
rogersbrandon,vKfIYmqRpq69j3IcKNcU,0
dennis75,lXLYGR4iVdfGaWgLJuxw,0
emily99,i5lhuLcORX4LXk45zBLM,0
jenniferhughes,GTBGrXDZu53fi1fn9hM4,1
fpoole,HyW5bFZewg8jGX7au6Rj,0
wheelerholly,Np2M6D3Qcorkoo2C2iJa,2
johnwalsh,ayX9bZFcWgLWPxbB4upi,1
rpage,nyiJvf3px4oD5eprGHLW,0
sjohnson,DPh0DQw2wUKSpIbVmYg2,0
tbarton,VgwiwDGd2pSuxcIczxmi,0
martincaleb,MkAyeSQWHIkmoGYw2TSu,0
seandyer,X4ZVqjM8HixTIo4xyDsz,1
hensontroy,YQjaKR6GROmN8gQMxXa3,1
mary06,tPwRPYojI3WF2bNk9zOB,1
amymccarty,qK5kBdxXNzo2cMqFIyqo,0
monroedavid,j0Zieey7IqogiYi1ZiIa,1
moraleserika,IUEQ5I2vgaoZtnE6FveJ,0
aaron00,kIPyAYTbmQ6lARPpQwhj,0
leecharlene,VSrg4hj5U5uoQ8CC69Zn,1
morganramirez,FEtQft3o79JcfmuhXwoc,1
craignash,HiYL4fC0GMzH5ozDan8c,0
bburton,bvwuCiGpggbiVim8tAFI,1
robin14,h3DCvzxJuYopD5bSazVB,1
desireeroth,oDiBwE5jZQl5NhdvuMj3,1
darin24,QzlyWX73QGSl5SKANM3J,0
williamsjamie,LcELtTadp2LOg7F5NrQE,0
angela59,kIwBBP0DjUU7yCH3Rbm0,2
mathissusan,JXHN7PG4tHeLTUmMwfbY,2
djoseph,8b1FjqKrZnxFvZqfjMId,1
iwatson,tKQpokkQaoU7QmNDbzZt,1
jaredmatthews,Fa4YNpi9gI7Upge9hc0n,0
taylorjoseph,IR9R7yLUvq8v90nZ8rPV,0
kristine15,rILJy6HTnEYl2ztSyrJR,1
williamsfrank,oBRbZNq1OtH8dR0QiLWz,2
michael82,n64H3RAkdRDbfglhB3wz,1
danny30,przD6dR0wpnsjIpboYz2,0
hayden81,pI2Kkp9s1XUSW0dkFnHE,0
richard54,1H33aUpyP98PqeVKT1Vd,0
zwells,DBDsY4vNxJRFPU0lnFFY,1
david17,UG4ZO4qs4GWmpQbL186Z,0
vjohnson,S39wM9OQTVVNsds1Iffq,0
samanthasims,VaGvm5mllOLFK614d3bO,0
odrake,mbwnEJPTUIOl97ANa0OR,1
joneschristopher,JGXojEzEGt8NcwOxUY6v,0
brucesmith,FHecaWihx82tYfyJ9dz5,0
shawkins,cWiTsz8ZHUBHI3NKkfDq,0
ymora,yaNdVearVZF6huTujJdx,0
rodneyrichardson,BQDGfBWHIG4iy2t2icNh,0
brenda26,GJvPTyYU4CvWcx8vFpeg,1
michaelbrown,VpbF8JcwvEU2zYVODSvX,0
leachshannon,5VDO5ZRQJnbCMZPLtuAV,0
davidsanders,Fywsn7H126ouNtiVIHSh,1
danielleshea,DQLLSfEnyFvzTc7LkIfF,1
cindygarcia,AtP52x1hd8VMIt30DnPT,0
igray,FbOF7Y93ocf5tY1SVJ5L,0
danielcarlson,rjl6i2pWjMmi0z7mKvOQ,0
zhernandez,CrOKPOJfofXa3HGf73fX,1
frich,PlvqH8nIex74f0S4CA3H,0
martha73,Tq8xdZySIVSJOsBV9nm9,0
alecthornton,HhPUkmoLz3HGnf5gimJN,1
lisa08,L14PDNWv8WRcmnQZiCfr,0
nancymorrison,yT63sPMZwMf1z21Ei0wP,0
meganaguilar,FtSwYl9GASxcBrOGZEjj,2
fjones,AThjB0AlcUJQOgEGbSXf,0
jonesdavid,zhji8CnWUWjXHmcGREhA,1
alexis75,MerqDWJ9Ri8duNybsoWK,0
laurenmelton,pGC8apJHiuJHymfOqXqW,0
gschmitt,wBxNdWrMALJGjagxpEDF,0
gsantana,Lq2RmqRYOBuSlz57hwSD,0
berryerika,Qv0zK9ICf6GROoNfd0Ls,1
burgessrebecca,hPu8avu0p2JqkBaaumHF,0
keithsantana,3gMTpZQBkpZkRJIbhtNx,0
epetersen,SoNFZlNaA6ovtMVCU4vW,0
olawson,23ubDWRPbgTYlY6LIczC,1
sandovalaaron,wmmEifGPIMmAHSv4msV3,1
kevinhudson,BFr8fxzWRNoEyaArEyZ4,1
cameron44,S89ZKLDwz4OkcBBeouxM,0
ycruz,l32WkLo9aG4QPlytGjj3,0
martinselena,DTTsyKqVeVSs5Ct5xecX,0
justingreer,wsdcc21Dfi6IXeeWhY5A,0
mcmahontimothy,D19Tkg1TAiM7TIfXxx4I,2
travisboyer,H4pQjzWwrvxaiTQOihEE,0
nunezedward,rqic4vUmNFENtNMQvygr,1
robert97,Ibuy7AqX5c8S9OaQo951,0
gellis,p5ZNkmJKzYQpbLu3oIm7,1
bosborne,U3CHBMuYwVbwD3STN3SN,1
georgedavid,Va1lUzyjA9ZTNnd54a4U,0
daniel85,9pyGNtTEhLpSxFEO6mqO,1
patrickfrank,S7zfXSbEY6vDBURDlKbw,0
drodriguez,KUWg4rnCJYqZx2GWsaIe,0
vmendez,OKtiidvcEeGiCiqs524c,0
montesjennifer,2MgO9wVODznzqEP2jYVM,0
kristina26,qYCwXBpChvnjHLTkOk5P,0
sabrina18,gtuuVaOsl0j7eGqRdUyE,0
benjaminmyers,RdhNZLffJnUsZ3GRVMOz,0
katherine75,4ZfNYVPC3ZuAWsYikooh,1
huberrachel,AwntmMtEv81392VbQ4qF,0
tuckerrachel,tkdGGLHO1tXouEGTbTXa,1
jerryfrank,00VgttmdcokW796M93nS,2
hhunter,TJ2TzWdN53trs2vzuq1B,1
ronaldknight,uP59U5a0SUyTZ5Q5ll9M,0
wallsrobert,e5FFKlEDp8h6FR9WS2Kj,0
perryeric,OwfEu3mnLBri0f46i5qX,0
moodyryan,k9ugfalApuAheLsxSvkf,0
ujohnson,zYIb9EAni00eQ3KwSbMv,0
christian11,uLEBL4zb07YjAU115NiA,0
heather55,i5wKYfgD48OlXxqKBG8c,1
alejandromccann,A02TDGKyS0u7IskTrY6v,1
chad23,jYSMkzP4elyePpeuCILg,0
harrisemily,YjLL2BqHEbdlEOGJ9fxH,0
adkinskelly,2MO3XKaze7ZvgIvSZLYa,0
cantujesse,YJsaQCeWPXhxknHbczr0,0
jacobrodriguez,PNG5YKQzFNZmClmchUus,0
jasmine42,lSr6XgJX4kxnVhN2QwcM,0
levymichael,nynTHjkbhMNGWHpVwcnB,2
swoodward,qz6dpqug0EZdqgr4o8mQ,0
jack11,Hpk74bHcAgXmsf8FAIlX,0
eric22,TXVk3p45JoDlA559XiYv,0
lesliesanchez,dVyDYticQeKehysg6678,0
kellybarnes,JzTGoWkO6HjwFAjL28lO,0
callahancarolyn,ugt3gUI5TDM5EuMmNzFv,2
emiller,sAIcgvZvTxxyN38CS69o,1
robertpierce,myMHyLH2tAfhOI7Uw9fn,1
brittanyevans,tNMbCNxj4a1k94fVP1Et,0
christopher75,Yu6cuy6VBHfCDYVtHtYc,0
bennettalan,TVG2tGhssyGdJpyIthtR,0
scott54,7FCgKtQS1UY09uKIJP6b,0
ldavis,UgPbTr4s5mUL4ta1W6Wg,0
hillangela,jCYr46VRICqf59IWw1wx,0
lauragriffin,krDHs5UMeYZYZk3sqajv,0
alopez,LMtzojcJntwToPazGpfn,1
dthompson,o4OhSKB98wxeadi3aRks,0
sharon25,JHABkwP0TMoa1V6i8uIb,1
fwelch,56jiHzbrWVo4wVv9Pwel,2
sfischer,pjZliZWgKIMMwDBywtqX,0
greershane,BfXqPYzmjCKOKpaiB8J8,0
tsmith,aSg8pNR1xKvoQmiXiYn3,1
mackcristina,Sp7CVDvUtZEimarAT4nX,1
rogerpotter,ip6JIV3yZ17D3ZDSiUyZ,0
gregorykathleen,ti7qRLXC5mlVCTZzGQAt,0
amysullivan,jmiv2Kjg9prlr6xzuKGq,0
martineznicole,76YbTLX3KoA6f9pVvS9c,0
smithraymond,xwbYG8ZYy6SgInNyc35N,0
vwallace,2JOzugSWq5Tk4xmm7rSn,1
michael39,gUw219FEnd4gAgcuhr9o,0
johnsonlaura,l2eYueMiODeyND35lPYS,0
amanda18,aGbXzkOR6ehfbisBFEXq,2
pamelagill,nJbYATbXIbczMCN3xAXc,0
perrykeith,cvXVhQ22GgJHnKZgl1Io,2
audreyburton,4ydG02iQOeoVhAPALlc9,1
jenkinscynthia,jEJi2xDCUAV1od1FvZSo,1
yfigueroa,AsxU8Z0smp6knX1pGw1K,1
kelly59,BfkhGqaybkdA3XxqD7K4,0
ericterry,jMIk1uisUENqMpaSBsGx,2
dmorales,8OcOayf1bQCFqxABEZN1,1
anitaevans,fnV005toLtPrfRXKXgWD,0
nnewton,AkSkjU451mLGdoJ1UYC7,2
gburns,rG98eBhT9kzHSMp2aX56,1
trevor07,O5JSCegCMxl17vri8JHt,2
douglas70,lPP6ZBSFiHS5IqFRrils,0
anthonyruiz,BaAI6QPwoVVFJSuP82xu,0
mathistiffany,FUJJWWmjloeoyNbMS3OJ,0
parksjudy,EgPQfCnKXwClrga1L2EE,1
csmith,QWvJrdSNCodYYmYFgVHq,0
oliveryvonne,H0BWa8esCI6MOn5zvOWD,0
jessica32,DHVanqVWkCpsHtkv5OSP,0
james67,c4cA8f8DnqbDcb6B9jYo,0
patrick56,4OdBuOdOcdo1Vqaq5IeS,1
thernandez,X7vmckp0DnaWp8KB4yFU,0
alexandriaanderson,YzIJ5U86ob6bXuNYORrC,0
seanclarke,Aq3K8QgihwW4dz6Xr3iu,0
fsimmons,evOkNoIrRVxMnKmCgB6m,2
yblair,tSRL3XYA2TtAo0xxyIrY,0
scottharris,Xexmlu0xd0WIcjwzsV7A,0
bullockarthur,9QPiHNtb3iwPh4wcR282,2
pittsmichael,oCeemOXLwaR0aMvzTAIQ,1
jesseevans,DHNabCR6GP5ghDJsx1GJ,0
bushwilliam,KCllFcF2yZUYuLOgkPSc,1
kelsey56,2qnXcT6uELbMmJumjsHl,2
sbrown,iA81H6GAxRCbKukh0zsR,0
fcarpenter,wYFv67811PITFIllJldQ,2
janet35,JVAu38oGaiNetBqFHi0Q,0
bobby02,slu7sB0lCqA7Bd31vdEN,1
adam02,39Z1r2M02O9vBOHyvaWb,2
buchananerin,DFAQdsXmHnhzIqvBTjKL,2
ogrant,LpqT4nk5mEppVYlJudxV,2
mlee,LZ1EseUVSndfBtxnIGL4,0
obrienchristopher,9wHVjD12GXHQYefc3nFw,1
marcus75,I6TRXRTbmXbPKIge9ztn,1
anthony03,kNPKGD8g2aVCGd7lZ92N,0
christopher85,jeoFSChGUAogzUSLFfJS,1
maryking,7bHhY6Is3gWcWVXPlZnZ,1
larry64,Yxv2mzTJADjdlEagGQgh,1
tcooper,l4jjAuVPdgGgISMa6pCG,0
bradleyvilla,tOZJnriTEu4mhMyxKLbg,0
smithtyler,Aj4sPbBBDrPSEu0O0KDm,1
zwilliams,UqInyZ0Tt1aRwKvBQWVi,0
dwerner,yMXBC2KVIQYZlRSAsm6Q,0
fwilson,w8PfacmMQLdd6yOTbPhQ,0
coreycannon,NJhKiywGmSmwMY5W8QCH,0
nhenson,tku9EeW95LyYJlPDRmrs,0
bsalazar,aMqfK326jdpT5Y8YLWMt,2
lwilliams,ZLbZ8TTz1bwZkldb2VH0,0
tracyanderson,Kay9pclCKZZTuOFVFnq0,2
sarah56,s3JotG9qxgemOQZZqx6G,1
hawkinsjustin,R5zWBvTMtKg4beRW5A6F,0
jenniferwaters,DSC8tO7DMhH8dJ77ocgu,1
qherrera,vKCzoxZC97qiRcmsoC7E,0
jesse19,2sgmw2lXomNVdxrqMa56,0
thompsonrobert,oIHhY65kK69E212Q6Qhn,0
justinfitzgerald,jrDBlmCWknArnOCiABT3,0
harmonzachary,pGdD1zLkapkYq7R0gzum,0
martinezdeanna,kLZxZHTYgWC0isHOvQ5u,0
maddoxannette,2Egip2XovQn7oc0PHZkD,0
emilywarner,YHR6hTXMTtgjZElCGDbl,2
jeffrey31,bvD7uufN3QEMtvA9haHw,0
emily35,bIOAstd9q9uWuf9tJid4,2
kmitchell,V2LXZOX3nmM2YYjq6SS0,0
lisatran,s2u6Om1X2OieiGDKBSHO,1
michael02,EqRNubRUb32zCq7gPXm8,2
lmoore,7PT568aK7OljuGzwfNyF,0
taylorjamie,edsc2g7rCAl8phjKG2R4,0
shudson,XBwz9sSxTOC8bDKk1kBj,0
joeanderson,81EhOnoMnSFAXCSMU3nQ,0
kathleengomez,RwkWcAzvifd5iegShx6M,0
cristinalester,BlTFaoaB22L74FytkIDa,0
jensenanthony,shpEXn2LBC8nHgyhwNOp,0
tracy40,FeSwSug13AsyLrJMbktL,1
angelamartin,CBXywQxOCJyp6KNrNIKH,0
vlamb,iJ3AUMEGrmUPtzUT5STx,0
tpayne,t3dMR7zzMv8vjvp93Trr,0
greencassandra,zyLo7B3X56couOhRNq6n,0
lorrainefloyd,fqDAU6HfhzfHRrG8k5z2,0
nacevedo,qq0UknsxvTP50pCKUcWR,0
edwardsjulie,BOJR3uOasbB13P0DfCSn,0
matthewalexander,KDf1v6ZtDt5fgepAeKZb,1
jordanpowers,lV5zIu5upygjgSucQsY4,2
andre98,P4mDIqWygwIreRrbYgui,0
oconnoredward,gX0DtipwzJGJDoMPrglp,0
henrybryan,rta9Jt9qOAhpRotlcdmf,0
bradyperez,2EtFSNjV3FRKkx7dVMJE,0
carl05,zZF73eJZtML3YNAzmzzR,0
ntaylor,SfQKGuW4uDSVrJ2eZRZ3,0
wgraham,PfJcBfLcTPfiVU4vm7DJ,0
gregory56,2G1F2Cxis2PdyA4KWYcW,1
qsmith,iBHgGpYs3D1SLg9TDaqe,0
kmalone,x5pmO4zr43kcP3L5clEO,0
ortizpeter,RImCAGVZDMYSLydZmJna,1
masonchristy,GhCZt0E2iQMvudmPTa6V,0
christopheryoung,hoXIHoZEZBaoLkELybdY,1
johnjohnson,LeyrUNKQGUZQNOvqqOcv,1
juliamassey,J98pTlYMYQZiqlhnfBva,0
jennifersimmons,vp4plJB83gOxuvvtGsR0,0
oliverstephen,cr28jUD74p6bjVq4z8Mq,0
christinawilliams,gwvG0RLS2obkSUMv8YvH,0
linda60,WRN9LWyiwXFEmwUzk751,1
crawfordmichael,wgpPqaZH2qtbF3aJoQ5E,0
stephenromero,xnAOXPeXihnklmH1GOW9,0
jillsullivan,WSFrZnYMX0oKZa0P3bOW,1
alyssa48,qcLTXZ50ZJNEh1dyqGvi,0
xmadden,hwqv81K0F5p3IgDtnWkM,1
sarah07,GCEiDTwQPVRne0xyGc5i,0
zgriffith,Nkk0WgTZZMHLtJWBg0sB,0
tyler04,xg7EBVTR8ZMhZFKInID3,0
kingerin,8GsfbrcSDYZDDGOD7rc8,0
wanda38,onNN9HkzpfVatDi3wV8s,1
paul43,9RPEu06pvt9JUuuUYi2O,0
knightmark,xbRVna7YsY098FwvfV2Z,0
brendacortez,8de3I2XT7vM4paHAyxPG,1
francisco25,qhe63yxHazN4vcUjl7C7,1
richardsbrett,Otsg6ERWqmxLGh890kzX,0
stephaniecox,Ml4sYOvLxLWSKSXxmQmO,0
marcus69,FIpEST7ViTVtWY8QSxx2,0
aarcher,pwsyLG7DsbsZ9JDxuvYv,2
ashleyramos,CGmfihwFDJ95lPzmaNvO,0
sarah74,1glHcyJp0gXmZOUGYkUb,0
chadboyle,0asWwz6ccLimFyztgofl,1
stephanie28,nnvMMtSaw0SrvoTDiYT3,0
bryanfowler,pG7UHonfPfg5tyQEwcif,0
davidcrystal,ivB3LwXoK6aJVHp1LzB2,0
rfischer,9PgENajNdRiAXNmISmej,0
justin64,mW7RYWTRaCyWVBTk1eCu,1
amanda85,0YyxLHAk4I4GhWZTvNWD,1
james62,JNw5Fp4op7pBrbiEIIP3,1
bradyeric,dODcRMQoeoAOSsZNn84X,2
cward,CrQoSmZcW1Kn4X0UGSEH,0
zfields,bxBxRVSqH0vsTaSxY2ED,0
rachelcox,IjbK09i44sCSodiov4ZO,0
erinmccoy,DNp7z6deZmP80B8TQ6cj,0
vsmith,ywR25kOVvIdO1cF5ljrP,1
ashleyallen,89d0OtHc4aleEW9FdBh5,0
sierrahouse,3CoD82TQAJVoeTDPrR1L,0
berryjoel,n1oaZteawOdIqkLIpfXX,1
zshields,7G5dvM0ABz8pW342H3Mz,0
rubiofrank,tySQGsRVQ4bpmmcOKlIr,0
reillycynthia,REQ2LwkDaqGHkyD0mw4w,1
johnny59,AsBpEfRaqGN99Sx2OQuY,0
christopher07,FTjdz6UgFeUIEwC76Jd9,0
farmerjames,2ZYf2hY7Xxxt6GStQY8k,1
xhughes,Kq1GO0fZqmQAUfMDTbeO,0
cterry,JApVRJm75jCHUhl0BkU1,0
kgomez,LRsz0leX1lYoXQCy1nKl,0
anneramirez,g638S6awGJb1iie3nM3Q,0
sanderssamantha,YfOzSOtJV43lz5LeosSA,1
bobknight,dMyr5byaIrbxIMVEWfdz,0
michael13,oWeOnOX41HRvPLAxD6Za,0
powersthomas,y8i0Eq5IWzu2zlOU4Ptm,2
sarah05,VRYN567BiQRrX7laOGeD,1
wwhitehead,Pm2uZ56xpNb9rBr50HK6,0
richard29,9GKi4QfWUZZvqDSp1Vsv,1
richardtorres,EpaWqs9iuI1guMXPsca0,0
martinpatricia,qt3iPQNKzwJgB2AgBsqy,0
tthornton,Jlk5f3wXXEFcrAIKrAlR,0
blairapril,rFO485KnfPJPxhfqYwos,0
wherring,WjEEluQjYeBHAUBHQgrJ,1
millergreg,vfeAvuQ39G6ZizlRcsm3,1
james45,apWMNmR7bBzFWT8PQDqA,0
kimberly87,53Yo8DQJn6aCLtpghypq,0
katherinecole,zouX1k1qUnWWWOzPhZBP,0
benjaminrichards,ZnaK9N7Vlxm3S084bcRr,0
huangleslie,V8mfsHPPRG4uLeEI5SMB,2
leekrystal,CWJg7cOcA45DbaQmWKfg,2
lisaboyd,zRl9UlAn6PPy6yxsqiJP,0
roberta27,VFw6beOETgHgDwOjG4mE,1
stephenslori,sFXkl09iJ4nzEOGeBQYl,0
aaron11,9ebQofjPFdrVeK1eGHYM,0
klawson,lQSJJZ2tROEsDdpXspO8,0
yrogers,IfQl7BzhaigWyZPB5Xme,0
vanessa12,VMdrsIqMPDSIx2SUZ0Dh,0
sara22,ezrytFKdsjlAP4Qr055N,2
morgancathy,CkLfdkvueOw62bRZKOKj,0
gutierrezbryan,9TRUMZiTxI1UO7Ab7zLZ,0
laura09,nmTzMTPTuN7a8xrQonRK,0
michaelconley,2bysZzwLKhW5Vuufl2lB,0
russellscott,aMwTTofTDfKb19gz46xv,2
emily97,JYpqPTaNEPVbakwEIVz5,1
dwhite,l0Ce1YbxM6V1KfJ0BTcc,0
james61,vxE6dh8CEHKb5RT5gFop,0
cole05,h0fcOulhhn0QHgiPKZjl,1
thompsonchristina,Nv3ckr72pKr6MT5X5jq2,1
morriskrystal,VS0DgTpLIyOxf10rIiTC,1
dalvarez,ELRWaHbgqgfKCXwvAOIx,1
qgibbs,0LgpstTAdRo9bYFqjmrd,0
wongcody,CbUU2XAxuViNaVmZAVO9,1
cookstephanie,X9hsCxmpYdYuQZMoRO4s,0
jdonaldson,oB1J0WND50PNTd5gkRVq,1
susan06,tfCNrk10N0hjRymE4MbR,1
eric82,bzq7VFHfvXevXFQzfOFM,0
gregmccall,yJX6yYv7n0UWXcliqBlD,0
sherryvilla,Y0O7M6Y3xfjNWBXQmlmq,0
sonya76,HUpDMi8QpNe68zDcSnM0,0
perezcynthia,RaNDYnWQRxTvEZcEp4mD,0
george35,PKROHU7ur4KetxCLrgD6,0
frankfisher,Xb0xK0uACvyDTAIpl8jw,1
nancy26,6QV4scBvLwNnvklyuJ0l,1
martinbrandy,PU6J0j1cboXR2v3YA1uK,0
lhiggins,etOimUvrC6jh1SY8Ujzc,2
andrewholloway,sgmIy8hFXr3ZAVAWuJzr,1
johnsonkimberly,Q47ihpXhqGRTlt5FOoTs,2
berrydylan,EsyzhTvfYnSKc68TfRlC,1
emilyjames,aw54urMmnLlqaD1uTEie,1
barnesashley,RpmvrzHFNokofrpIWrMu,0
jennifer25,eS3kPPMlArX9EiehB4C6,2
amandajones,uopD0YgSkQEHXwFKJCtr,0
wknight,UYu1ktMBSPODe0rdHFcF,2
reynoldsryan,PXZSQI9pi4BLsEihXzmS,0
zjames,FrHLWMzQ44OhLKXJgYCJ,0
deannasanders,MdlhcjvbRnjgw3X1NLqY,1
houstonwhitney,JDigMnIlXJ3sj7MlnkRV,0
amy99,IcimxJCA72Nw7hIiHCqR,0
rmcdowell,0uKlvzmXOLyjnmXdXCT0,0
carrmichelle,MlnO6Hb04iySADXXGQsK,0
gmaynard,pbZx9hK9fFEyqx7aiyqO,0
thomasphilip,GrSiF8T58dZDnBkLGkXT,0
zsimon,ElelnXOjEO6nLeyIbFsI,1
tmiddleton,hKbL7lVXP0LSt4SOvQLB,1
kmunoz,mPcwzOOW09SiD24sIHW7,0
matthewjenkins,Su0C7Vfl7keyTFfXPKka,0
kathleen15,llJLcl4z1QVkNJGsiP2h,0
douglas57,qVUN5scyTNtFf8v3qu35,2
gonzalezsusan,feOXeJypwgMFuuAyCeTe,1
jennifernguyen,0OQXPhXePncWVYmpjURm,0
swalters,9ejhTXC1XkpOssojbCEO,0
ajohnson,tF6JYXmTkJ8N3uHu95op,0
nicholas35,L6xKqXKOHAEJU3RDdRLS,0
davidaustin,7AZjy1dG9lMQP8uvok4Z,2
anthonyray,zKYK6VPUCQkwmDbDRdSZ,0
tjones,cbXDQ8SnSxzswxTe0LoQ,0
stricklandamy,94nikg7RoyaFLb6DkJY6,1
garyclark,bl2VqTv1FeTGAxGdBVDF,0
anthonytaylor,2LOWOcjRjcJWkkeu89IN,0
nkelly,G2iYlXRtEH6FRlmm06af,1
jennifer51,azsgoOz9o3nnTExQxEVn,0
qayala,tprxbYynvhww4KzpEcOv,1
matthewmason,4dxgS0URsUmx82XgAPZj,1
amanda26,7NbVqeiqkcxexVbUq1JJ,0
jimmy65,gAmxc0aTFMaar06t6QAV,0
gfry,IEyJNSUeVJAGjz5MqqSV,0
tami61,uwIAVW5VslIkzbODpoDL,0
dylansilva,FvwT9W12lwMsgbCOLM0w,2
terrydeborah,zAAleuAjoFm2laRzyFAB,0
caitlinmorrison,q8QIoOkx85msPZ1kXkg4,0
adamsjessica,CFBmzxhGxlEypzHDk1FP,1
nicholasleon,FMRsyxr1c0pd0VfKw7GJ,0
wilsonmichael,o8tqp5GeVKltqstUGb5s,1
rflores,D15Wdik3ay76YGvTLQJF,1
swood,ZLFNENgJ3zIXAvbur4Ep,0
elizabeth32,5bWZn7UhD6F5Dro9D6D2,0
deleonwilliam,w78cX40qK3312T551vhh,0
anthonyday,3sYNkGyzrhQLQW3g0Wjf,0
natalieholmes,oEuIrrbfq2rLP7NyAKdB,0
samuelsutton,tU0uyv45qG4DQ5AgT309,0
andrew26,ZoMjlEvLwDsScbFnOFiz,0
nicolecunningham,yOjlLmM0HaVqzrjOTcxT,0
fnoble,agcd7nfqM423VXnDiuBQ,1
gcook,TOuZ95IGokycJpodzdnz,0
nwilliams,GeiRypaIXldhwDN3Dr9d,0
adamswilliam,ghptlDnEPYxa8w6rYgbl,2
lkennedy,sm63fRZX9UaVa486w6aJ,0
ambermoore,0XNIuoc2ZTsDV27wzVkm,0
stephenrivers,EkHh2BiKj1RnKujeVG2o,0
along,cyJ4F5JCtUVbutoIujUj,0
bakerjerry,nx47UN0xua961FRONXko,0
phillipsmichael,4X9nmtiUsXZuE4kiY7ue,0
taylormichelle,IeTfWEktPZMVlKj48aQf,0
brendagonzalez,EUR9LzfYMRq8DPOm0hxq,1
atkinsangela,mpVgCmLIO9yzfGey17MP,0
gklein,xEzUtjmLyDVYhRMwjWYJ,0
xhansen,hV7g4N0oaHrX48hkIXze,1
monique03,baGPOJBY1WbJUspIXGB2,0
tylerjoyce,TROMlgo7jVoAIz37zDKA,0
jeffrey75,LkfdqlsKR5RNs1YVTTXI,0
christopher49,aoCNOxPguD8LNlmXlRhF,2
xperez,zk5Z0E7sKp2FIS09kB2T,2
jvalencia,IZMUSKNjMTdaS0bIR3xy,2
keithgonzalez,uDI4fBHRtqyOGw5LBZFa,2
ykeller,eIbWIoBddqxzNWsnCDPy,0
justin92,mR5MTBXukEWRIVhCTMPc,0
moralesvincent,Be0VRZilQAYSOm7sAn1X,0
tperez,ZVbvZ4lu0qjKQmdr2qeV,1
crystal56,zEwSrgktJQaIXGA756Mh,1
michael64,GMRB5xmzleBgcfrIqxK4,0
castillokelly,RaPxF5pjRGfy2y2E1RVr,0
pmoore,eXSv4cerWXvYhacpZuvM,0
sarahmorgan,KHUfX1FxyTGnZwbNFQGM,1
danielreyes,mRdrxux0CDTnJ8q0nAtz,1
dmarshall,2aCoYakGULpmsOD8lFIT,0
emmashaw,0CwtPfs2qyDXLAwJeVXL,0
hhall,Ri72SDKA7raRwBjTWIzP,0
davislogan,3cFybuvyWq39EXJlMa3p,0
lorireynolds,chx64k5KENl0iwHodOxd,2
johnstonbilly,Bt18DItMpP4H3Wd2TCDW,0
bakerjessica,DBu8y6TDK6rKlwQU4El0,0
danielrobles,QRHDJpzhBOCH1JbWsx70,0
anthony00,y4IKmmgS8LbAdngmpx2o,0
inichols,5NmwI9HRzU3MRssy8wOZ,2
underwoodcatherine,p3sJRGUfipTDflZ0unIp,1
christopherowens,lfSqS3G3kQONpzl9pbrb,0
meyerchristine,cndpEbFgMKjod75cOAN0,0
ljones,1D1tF4bYys9L6L2sZNgf,0
jeremyperry,MscnSXQdXZspTv3MDNJ0,1
baguirre,clSyN8zJg7P4b5PZNaLo,0
patrickcannon,wubQN5n7tpp93MEIrMOp,2
anthony55,KcCWzkEIoNG7x02WRHeH,0
erica29,0SUNOriurXcCX7vHXXWR,1
kingdakota,qDQ17Pl5USiOxchJL73k,0
nelsonheather,klMjvL0c7zghADIuwbCw,1
nicholasberry,irhgFJkQ2QmN7z5SCmCf,1
james88,wzrLdtsjskHv9UoEBSpy,2
hansenheather,Fzky5h8OqQ74603E1Slm,0
cmartinez,yNF7mYCnAb6HFnC71lNx,0
jwhite,GjgPxtwFoq7wYwhem9A9,2
david46,AGqbFafo1yTCkwikSvWy,1
cunninghammatthew,yQU8NKcVBo9aD5ooiRPP,1
shawnbell,d5SIGYC1RzSXTMplZfgk,1
transusan,J4BkzZziLUbNiYQ7UFlo,1
pwalker,9Qu9FLlwJHxacu722Azk,1
thomas23,58dQ2tMPiZye5Nr2s0Lx,0
pcampbell,bFABPFBWHPartTU2p1pk,2
jgreene,o20s8EBdwc9mV0bsRpLQ,0
lopezsarah,jaE3is69f8cL7upDllRZ,0
shaheric,ev6s5swxdkxrduA3N6kW,0
cookchristy,tzcoDpOuV8q7ZsxthWV9,1
katiemcdonald,btfeHKk9LJLaCgkcoHFk,1
robertlee,OiMpikPbxsCWi4KYrx9Q,2
pam83,EnTmccdIQ23GQYrofzXK,1
isaac89,tsW1OJNO2MACdAylcQ7N,0
shernandez,YEtfyVDSuC3fKUYwMR03,0
knolan,kb2xjnHylg9SRhzKKi3K,0
carlyjohnson,wLBvxOoFa1nMg3cXervv,0
ustein,zM26EmxL56Jc09BRKMWA,0
aaronbrown,LbuHuJmBmerUXXp2uXuO,0
scottcraig,EvNnCj84amiVuolBDVo5,0
donnarodriguez,oxjeyeaR080rYmBfNkwJ,0
omiddleton,2m8ykrQzqLshkxAKUyHX,0
nicole57,rcFIWvJDe4XMdEk7p95Y,0
frankgrant,5vBjgl4Mid3pklfdLLoV,0
jennifer67,5aAJv9dbNhJfmZJ4prtC,0
meghan71,IsvZpVZQPdsUDatHhEcx,0
jeffreywilson,tEOh8IIHbqbTw4hdclIJ,1
stephanielong,ClFmJn2BVm4aP5XMb6bR,0
nzimmerman,clS2oDW7M0F2twK5BuhP,0
janet06,lJ9I6WrJRZcvW9t9T4iS,0
christophergutierrez,fKiFYf3bto60QU3xGoBE,2
ofernandez,aQMn4w801DXQUpTisBaJ,1
yuelizabeth,1uzpbbvMlpdpRgEIKOnT,0
iparker,POMSjLXO43ZGX81oJmD9,1
millertara,MWpKGOy2iupm7B6ledef,1
ngoodwin,IRgIGNAs6XcuuuyfkkIQ,0
xjensen,WdzQGPyN2VUnwaD6bxd0,1
christopher03,ZWC5nzCSuBeUDG1IfSfb,0
matthewssusan,3lSgs9IVtfELup0UoEDV,1
eric41,UluDPMSYJ1L8NbU3TPHR,1
oramirez,GURefAbG0an1bOqLZ8M6,1
gcruz,U7GEz3n5w8K0JndJvwT7,1
jeremy94,TyMBbFhMbTHszdSYrV0u,2
williamsleslie,108Jc5HFviO4CzIG9W9j,2
hbrown,bjz6f3oAzar95PvKGhSX,0
ygraham,hJNVugE9hsRy4XmZS4Zc,1
wilsoncatherine,LbaHVo0fbkwFrPAaXftj,1
kathleenmcclure,X7h4Qh8hgPog52ltMJ1J,2
thorntonjohn,KqmRRImwDwGeTTj3Bb4g,0
joseph15,fyiQsphYmqXyRW2HnYKI,0
nathaniel38,sZBwO0wT9RxL7TSNCDf9,0
morganandrea,UHLUUzipbGWiSAGqc52D,0
rebeccaweiss,9Nj5ha2Q7iFu6TjVsuQQ,0
martin51,q3fyFDJ5ehq9LWWIYJIc,0
wmoses,hP8eo9RUHDFvuBfNDP2s,0
kingdalton,XiLq8QlTccrT9CMZTnZL,0
callahanbrenda,82Nssjw9wQ3Y0A7V5xl2,2
yjohnson,9JX41FVtOGqcoDQuuCoC,0
michaelgrant,fzn1T2aOl3xdveA3azvZ,1
wendysteele,x9RhPIhS7NosplJraXYN,0
raymondlynch,gsfqTKsWm0QgY3BwYzyP,0
rbailey,W3uZr4Q1bTcwpjDUV8rd,0
terri83,0IZ79OIzzpf2Aji3UpPS,1
stevenedwards,5lvlCX2prOtR8obRDN3H,0
joshuabeck,vs77sjGTajBkKST57MyJ,0
millerlori,5RUC0X2QdJunhUaEeA7M,1
monica50,bz9xLLTdVXp5jts9FbvP,0
carrkelly,M5nTF6efu7viquuiettP,1
jacksonjoshua,ObJgVrwKIjNj4qXN4SEQ,0
williamreed,FoCwWbh5I9Mf4oTy1ZJY,0
gdavis,O9R1WZ18OtcpXVjqjHcl,0
lmartinez,qnWv7FUHjgy02KZkasaZ,0
lbarajas,x442PDA0EBYZz6iyAycV,0
john64,R1dB6EQBUKRaiUghA9rC,0
johnsonalan,diUpVqqXxio9OFPdmzZb,0
charles55,CfCI4m6vc4Kce2mXhedJ,1
brandon38,ag3XfoBcFC09F21KMD7M,0
jordanbrown,scWuEGk5oHy8qvlS0fJZ,2
lbarnes,ijFnGGsp69vggHeNLRG0,0
jonedwards,Pc2St5fbXZq3GPpenqO9,1
tpreston,dMitdhoId0ehQdzryB02,0
hendersongavin,vw4IXRP6UCCW0XVuLdli,0
halllindsey,HBwA8o9tNjFt37hiJIQd,0
fjohnson,5gAFwwS4Y9cTUyyuFQWN,0
corey22,hzuSyYNcDGddXqZr4UW4,1
wsmith,3ofClmDGB0RWX5zqNsma,1
alicia18,l0ULFwEEFePqjkoM9zhx,0
vincentadams,kKwxS8Wl6tYlW3am4fC7,0
druiz,JfxJliKxWaJCZ2VMfHWd,0
jennadickerson,gNZkQwcPAXolvU2JLlkb,0
james23,ZXIBvzbgGFrjsUaiImcd,0
kristina28,oCeVUrj6QyanEGr6mjNt,1
amy23,0CEsGw8HhCzFsGOZsRvX,0
tschaefer,W7Qk5tf1bw8elN019rGV,1
johncastro,B3VWXtuZDyrpPRLjLL3l,0
juliewarren,Ivz8w8eBYm3GDLEOGme6,0
lauren07,C5chQwrNuCj8mHCWpHAn,1
bryanjackson,fMMYbiVbe1LoCT9ElSsU,1
ilewis,1lIJNjnrBJDV8PIzMySq,0
fgarcia,lt2CLU6uH20fljpgIPpD,0
nolanpatricia,S9bH6gyLRwyFcwlPPqaX,0
nixontonya,AzdAqPt1eydoPaKTgbxG,0
rcole,MSasNWlhLGHDZgoKZJxv,0
qdudley,IIGS2jDWZ0qD0srdkjX4,0
escott,tcJNJSFjImQLz2t9K4HL,1
brendayang,t59kf7oaLSUWeEt1OCzw,0
gillbrian,gbGBYfiZPKxWjE98xwvF,1
steelejohn,eFV1DNoew42IO2Qe7Lxa,0
carolbeard,k65VQNXwK0LfrIBaLg19,0
alexander25,n9PkvcUy1QgxJZgGGQeo,2
michael48,SFcbxnQ3MMus1aoF9dgr,1
dennis73,QITuuf24Qti4gCxV1GFS,1
tmorgan,ZmkXLTEt7oPtaGSZFauJ,2
staylor,7i4XEOKHrod9TdZjNhK2,0
michael96,rfN1VWSwObTF1If9TZUa,1
sriley,vLm6bSBrECeiWhdR2fw1,1
emily93,LO9R3S0CnEYCc8brFMA7,0
ryanbaker,snwvCpksCjQVrjJrvBBZ,0
williammorton,sbKbTuN5ceSvYQ2HTtR4,0
qstark,Vw8CGgxBbN53fMARBFNl,1
pturner,0NIN4bqwpDqnlt81teES,1
clarkejames,DRUOmcZshPGIFnKbDaIo,0
stephen10,KPAIuytiJ1zA2F3WbHC8,0
carlafoley,bKusLp8kHQt4WnBIbVTs,0
petersenjay,zA1sWTmsjLp5mpULAaXu,1
christinesolomon,q8R5s34xBQTqRTa3oPCO,0
chelsea40,PtETTfcnmAdQsiRXN6Vu,2
smithsabrina,v8eHOQpAca9fARFz00l2,0
mariecollins,xHnE8jsIFQ3wSI5OURwC,0
phillipporter,ATaPCHP0lJSV8xemFlPX,0
michele19,kjEKTqrLZAkUKY5fXMYb,0
scasey,6otSaubIzIaGZ3ndYDrd,0
tatealexis,E5WYkGZTVZOSvrC3p3G4,1
michael36,x2fa2FmGh0QkeP7sZnhz,1
luisflynn,R9SVlruyRtKvRUTZDrS7,0
nbarrett,tSZiPX4vqUyJRsU5TuD6,2
owillis,kWaoqMrxkOPZDem8LD4H,0
brownphyllis,uxXw9JOHuQvfivNrviRc,0
lucasdeborah,oZxlksNCN0wHlDd2doRl,1
waynebarnes,GyfOS6j4YdK8OaWoNq7z,0
cynthia93,VrqncFE4bK3Q0NhBLHx4,0
morgandevon,ski6l83AvVg5McYZIx68,0
todd79,0MC7hhb11JB128e7hDyR,0
joseph17,JsdQrJKtqhZs92dpMxWT,0
rachaelhunt,wRbeWdxWeZvV9Py3rnDu,0
afranklin,4SYe342l30BlRDK8qAKD,1
catherinebarnes,DV6OwNGBHQjyFoGGJMtT,0
ginahess,8gGmkhIceJhuSoyaa5xH,0
silvadaniel,AkTXhcvsfkOpuVrZMxXJ,2
julieolson,WsDeupwnobkMjl2j3GvQ,2
cohenronald,OfWJuipSyf42vlLlUMpk,2
kristen58,GxHi44aUtXOUFDwrjLSq,0
smithcathy,zCfI2vIoxZGdrSXCNSG9,1
pamelarussell,60sIHtWvtbYRvXjHFSu1,0
ublackwell,bnZNyhZufeaAIhwXaam1,2
christophermyers,g0WCzmBtI1cUDS0Jv0X3,2
brandongutierrez,4VqwT6C0ER4UQV0fJFOk,0
williamskimberly,mWuyBUey8b3CErL5z75P,1
annwarner,isffhlg5Iv9FoGX2YvjS,2
isullivan,a1zO2CZJjNBVw5Uv3QxM,2
newtonsean,kzlnjKgZY2hNENF4RAjl,0
annwinters,yRQnKyQ3hLGlIdVkyZsQ,0
briannajackson,rfMqDfYevVdOIl1Z8Rpc,2
raykeith,xn63Pxzs3Yb9hSzVGKOI,2
jason00,pGm4n0sMhyNgSmMl2TrW,0
walterdanielle,TLYK9BbZC4j6xUCc3SMH,0
kendrawall,lXSGvYOOMZ5Fc4qzTlhT,0
shawnawilson,gREETQr8sh6Te4ODWWTM,0
adam52,uTEWo3FkmaPZd2WUlTwt,1
beth11,a3FoyW3aK2kHk1Te7OXZ,1
jamie75,9eET9cKUfxyC2AcpxySQ,0
hruiz,5BAsVy93QHaXf3TNppYf,0
millersamuel,yBBJ6RRjrnHm8goSNgRd,0
jdaniels,sBo8lYaAEGxxb08Zc4An,0
ostone,EhLZ7kmMX8sX3JHvqCYT,0
dawnpoole,26eR7dAGUzESgaBylCxR,2
eddie12,GxQJA84Ig12ayf8cInXQ,0
austinnewman,R8CEq2uMf1kxl4jqwRW1,0
beckalice,rqvWjBglfwxL3iQgrDxp,0
michael76,xmWogJmQOvpNInzScz9g,1
julie97,pNPy2rWHG3NASoq3S6cH,0
jesse80,Vab13CjkAQIUdVqYYrZa,2
xharrington,WFZWyHMi0dd59Mra9lNG,0
laura03,BV7rtNhW13q42dwEFODj,0
alvarezmicheal,FhDnqLxfv6DZq9888Fl9,0
amystone,nM737gHbqDBK8AYporCs,1
villegasashley,fyfkEKdwWGwHO4hIMQFp,0
dunlaphector,o6T13DHuHRamIVIPrWR2,1
todd60,68JdjNkz61gV4Y66TsyB,2
destinywoods,fq56smHnovZcdIOU7KQu,0
frances20,ZgZFFmho9G5zi3rqEgvZ,0
kfox,jV0nBKvyO5M2bHF1BUTD,0
rdominguez,2jHGDULfl8EV24K8vXLG,2
blewis,hL0aOujJCTQ0JPmSCnEZ,0
mlutz,4D6QPNwVsz7gauT2I72E,0
cherylstewart,pHQGv3lpd5WquIpZPluk,0
tiffany92,mojR6070Q2DUGLTR3xPI,1
xmyers,n02uPnPUkpe67BPRg6oe,0
nphillips,4LPSLiweOlBPGaKGoa4F,1
sydney89,kjBH9M86wvGNqz1r9frZ,0
sheri39,UW9uPa8CDrQquYAepYof,1
claire25,jjNJP8Nd8vuMNAjmD06D,0
douglaswolf,MAf375WpbAdLD28hAfPI,0
amandapage,j1DwWBL77CmyJocgr598,0
englishsean,DYLIs799W9HyUczTGbF2,0
heatherburke,lEQSLzZlOHnKZWQ35Ztn,1
jenniferdavis,TphikeDrtMTJmgY9oKef,0
sconway,DGTSqeCqFaluZD6kUDmp,0
mhill,ekmm3gfsR5PWvOvSyeZx,0
megan50,BEVjwVQNSh2sFY4EoMkm,0
leejames,8vDBWpefS32ZuOtpCqIt,2
melanieellis,clQqu2e6P0mJvANmflOS,0
walter76,HzfXEDAcCoiDoXGlytZU,0
melinda60,a8P5k2qU33Yf6IqD2UJW,1
staffordmatthew,k3UJAms1cviq2WqCuzzl,0
kathryngilbert,dKh6SmECeLmvfiOCaQTn,0
aparker,FngSlR1L2u0L9CMARmg0,0
rbrooks,9A7WdbO5vufzYDT2W29E,0
barberwendy,W11Z0f2Qt6jZFfq9f6BO,0
hunterandres,1PFVwpCDAtSX5kiqleq7,2
stephanie91,FPb3GRcITOT5kOQshNY9,1
andrewkramer,U5ATwcp88OhimMRlDWo1,2
christopher96,iYkuIZ1bZrwsJzX9zUlU,0
kelseyjohnston,uwAkOpYcCcf1ULXED6hX,1
joshuamoore,LS0Jk89o1KrAxckzNvpl,0
brittanyperez,dlV0wvBjJvIoBEwuQGhw,0
nancyscott,mhmPbp1R7AhUY3QgaDWk,0
dustin94,rl94H7e1BBHoreXj9gEe,1
christianvillanueva,qT4sOUjrVNlckmUtYqp1,0
ldickson,bOksK0j4vDXfhNqumchw,1
monicasmith,FrijglkKb8qM6F5OQ9mp,2
wgregory,Uo3NDY0nZOpWMuWzjUuO,1
christopher94,02Uy2yZ89TWqU010LWRS,0
adamthomas,aXQf8eOfgEzKZuJykOQ6,0
joylowe,0k44gGDQO0IP412q3VBS,0
fmartinez,GXlzvHxo6RA37JsOC83b,0
gordonstefanie,fEa5w5Cdhkfh6sYYMh6q,0
stephenbeck,q9q4sbSskHrNuy1CHaTL,2
phall,3LJ2uohvCMNPDm6fVeI2,1
emma31,jhp7OOm8MdljPjLxgQi8,0
tracy58,FpTzYW9wW2iT9XZ9dtea,0
jeffery86,8Kc24lp29sq39Tiw8VtF,1
thompsondaniel,wVmfZSJHsVD7PR0L30nG,0
blackdillon,tzyftqf4sv7SbXou32wP,1
qthomas,AShHGRTiUbzj4yPo4973,0
kathleenthompson,LmB8sQE92jvp2DGX4MzM,0
bakerterri,Kk9gsE7WTthDtQ62zFcf,1
whunt,ksk3wGZqbbzRnIMbuMW0,0
yfitzgerald,2ZTX7Hc2wIEjQvcfsMK9,0
kelseymarquez,k2u6W22Cp5D6Xzn8vf9s,1
dianatorres,4If9BR8DRBlLI5wFP4K4,0
kblack,M54RaKPXaxvNpiNwqe8N,0
nclark,zracI2U8sYEzMmTkMo67,2
gfritz,dPIhodkokIqI3QmiSoZ4,2
rmartinez,drtgcFnPFuvGHsBCcr5F,0
kcurry,A8hIeDcgy5Ah36KEJBoN,0
harrisjohn,DHOlFCZIzbdSTrKWIsAs,0
jrussell,kkpDnU5ZLpa4ELjSyoSf,0
aliciarobinson,y3tGcrMaJaEaVG9c9T07,0
leemichele,nv1K0rPKgHzAvafrXiNa,1
cassandrapierce,OEvwlQXt0cQx1yEFkGzF,1
pburke,ueSC1JpB5u5VVjUrlGdH,0
emily79,QHHTA0hBYv3hyWrieA3a,0
belltina,KeZ2BpSZPuWhuzcMWzMV,0
jacquelinejohnson,AGwbL7tpoXufSQP3A5F2,1
scottholmes,wLJGMhgsSyaXDxQWcnkT,1
margaretthomas,SbJwXjfJ3tkeKCa0LLGl,1
mruiz,RwSFNB3esEdWAEo02P5g,0
mary46,9cgzGklaPfmx12KxpQmD,0
joann41,I6TKI9GCyZMUrMXR4u2z,0
serranomitchell,2PJp5sQLwqw9k42vIRyv,1
hallderek,0kDieTvE2bvSA8tA9mzc,0
melodywashington,TrtrVIj8sdfXj4gGj57F,1
zacharyschultz,ssoqRbuCDegTdgllJWqY,0
darrellmorris,5eCTMyPX6EnGDywWAySW,1
wardlisa,11T1KCNXp93v2ZBKtHLP,1
jamesphillips,jaxvbeNc08kiqSxAotcS,0
vcurtis,44zgrcMQsNeHxVNSuYUt,0
jfoster,39iFXMnYGiWor2JQ3RYD,2
ojones,yoTe5Ry7GT0WYCRx1qO0,0
alisongreer,ylYxwep2pjajFtWLLjWN,1
lbell,JAvb3mqVM2zFbmfLBrM8,1
nancyjordan,i3N2UIzx1yFELAVB1yEf,0
darrylmoore,QMv8BIL4MgwAJ6XFqdOF,1
imoon,dQ6Buc5yCleLMaiRu3uW,0
cgiles,qtHGOmiCxErwAG8IUkdj,0
karen91,OBy9IEAlphZvYlwXc162,0
deborah11,3xE62k7U9e76MbeyG3g6,0
csanchez,f6xZa67p3a8Ha6J0T8k1,0
valenciafrances,QP8AxcDO13zUo8pXuqsl,1
owensjordan,pn2vwCgjjW4a0dMJzTvh,1
jacqueline62,pSTnT7uhmXOdL5it1HX9,0
colleenshelton,jQNmSQzq6o6otAiItdd6,1
stephaniesantos,VI5KkLN0TOGv8P3GCtyr,0
alexanderthomas,Q3Mu3u4TB1uNmpI7gMqw,1
michellemata,8wq51YvgmylU1V7LzXoa,1
carlosramirez,JzG1ZCnMSf3qYhsAiwfi,1
cindy94,VUkzU9Rp6qqAjbfYTOzb,0
tbraun,GkBE1I2WDN6g54ROnNZd,2
thomastiffany,qyRprvCo9gK28BnH1kJp,0
reedjonathan,zcsPeqJcYlrVDms1W1jO,0
bmyers,Kw6nf0V5e162EuYrYtl1,0
denise31,R3D0McB1W0u4plfdYPAJ,1
johnmills,nmPDL4Q9al7gJiqq5luu,0
aflores,E00KwN4RGhudM5rGMrbj,0
robert88,3WshMpm6yKIy83YvviEh,0
jenniferbaldwin,lPkXGWLnRHH7uIfWMj6B,1
tbradshaw,WQMNt2jr2Y6CjTfmVzwm,1
wallacecynthia,HtFGaB8txMSosOou072s,0
laurengreen,E4WXhBfGYLe6fTZksiWo,0
christopher27,6vIpFAgelrcQlrMntlU6,0
hughesdawn,iDZWq8lIReHcOUtJklny,0
welchkelsey,9RwGyxbOT3mGh1hm3duu,0
kmcdonald,881zGAQsz3mAoF2NRcxo,0
ethansmith,rs0yx590ASxe9BklNq1Q,1
francojean,ahTCxjGyDxFnbcYE6RKb,0
toddruiz,Fg6Z4wHZRhAe6N28CpgI,2
fanderson,FVZaMq2Luhk9v6mleEns,1
stephanie20,AAa5Hc03BYTk6Re5vy3u,1
matthewerickson,9Rex3MBrs3UvhJ3WV3hL,0
sandovalryan,IRjAxNvZOEnkGiuwHpsj,1
christy35,P1e4She4qqD1HB3JXdN3,2
ichan,rWcSVw2xXVesjEygVOFQ,0
wrightkathleen,JynLp14bjihe3lot2T5N,1
ralexander,z9CvPOEyMiYOlMckZEH8,1
ronald66,TUANmQsr9MqJqCgwMnRf,0
brandy18,eriP2iDnYBsjbMNofrVT,0
aanderson,qdy1TxFutrGXSjMkCYSh,1
ppena,D2IHQDPLfxT3sr7lRkM2,1
gwalsh,dxOLgg50pSCh5Cgv8bIO,2
kevinrose,TAoSxhnbbZbeh22js9Fy,2
aaron20,i5JYxy7Vsnrh4o3RWnoD,2
morganmatthew,M9IMpMooOC6rvYZFDhSJ,0
johnkeith,jYAWBMrguIxwvyxcp0EF,0
kgreen,DcYfoy6enUb2Dasr2pVI,1
gross,VEVaL4rEVFM6ZqcTfzx6,1
rodriguezjenny,4qqGdpfkluOGWzJLXVgg,0
amy84,ai3wTyOqd1KSsVe99Vcb,0
garciachristina,9BG5CQB0AnZyyPrpfFq8,0
sanchezmary,KCY9z48FwH8nvb3Ej0E9,0
seanmartin,jtdQJxHkR9leIuM8DoUr,0
rebecca27,04UgVoGIyvbXzuN4w2no,0
castroallen,CJnVIv9b3Tbh44Y7x07M,1
garciachristopher,WsMGl9nuBgOgbcfFANMf,0
uclark,bFAB0EXMLuwA417t6mtr,0
pperez,A3HMj96n4SwVWna3MRkm,1
jacob09,SDVRwDSPLT9PbA5gx7vk,0
mwaller,iQ2i703DniwYJm0r0ksj,0
justinpalmer,FFgCBCPiVhIgW76uQhzV,1
wfuller,7OmvjYNMYIeAIoyoWrEl,1
tgilmore,9usqWfdoa9TApXRQTQwO,0
melvin22,5wUUlaO4XYZL0ZDi8Ni7,1
rachelmorris,z7G730CI9QZiVnSxP8Fj,1
watsonchristy,TMPkntBqu4N9V8UMmv1b,0
emma01,Yo0fzX0dAXzx6ioMGvmK,1
ldaniel,clDNtVjjvD5MWUKECiQP,0
lisabean,djxvi1U535vZD3YhBIFT,1
andrea07,LWW76O2zLMmKYgbkoDAQ,1
ymcclain,0HWK8l6XJ7bbecuudOr4,0
mrichardson,lSndvyOtzHOCLZEqyD53,0
carlosbraun,yo7s77SZ9I9yvtGcWFki,0
ballheather,csaO4IRXaIuTp9ImDT5z,0
naustin,GFgNzO3lNmpQqIGwskgI,2
pattersonamy,hAqADtWwVQ3xR4yuGtwT,0
jocelyn03,WgNPsZe02R3bAKREd7WA,0
marie67,E4ctncHmrJXgh2bGMez3,1
caleb01,LRGm6VTdnMQBJg3wGdyJ,0
nicholas66,P9wX5GUESpidwOlVx8Zt,0
justinbonilla,NbJmTGCy1XUQGIrlEWOn,2
burtoncynthia,NPm5soDETdV6xhtJG4KO,0
rmoore,8iRpkQZJBX9XJJjxt4Iq,0
zhardin,620d6vFEjplux6sgQyRt,1
terry54,3u4g264eyvRl3EcGwJla,0
lmeyers,45NUGESxbXSQr82Tb4FQ,1
michaelcoleman,kz9e71Nnp5qfLrOFQ30G,0
rcollins,48UGsq75Q1wKDT7FLXGx,1
veronicahall,UizUT9cTldrT4Cae60Gm,1
webereric,qJTXaIrKEc9VQ5Kk8ddN,0
xwiley,33Tkq5Mu2VsVLLjLZ21R,0
thompsoncassandra,F9FMQAXmhTHyyzw7GSsj,1
deborahwhite,AqgBJrsgQy7eHnnmN1o4,0
lleonard,YgQSosPubhgWHmsKkEPL,2
randy48,9zJoFTsEUKEtFVlOVqJC,0
mooreeric,LahFPYl84ay1bWLZ1OZK,0
guerrerothomas,fbOceNBAd0K8dRFfVrPd,0
jessica44,jZHFj16OmO9MLFv86bCn,0
rjohnson,CwmJsMTAEFYe4krZJWBa,1
kathleen10,fk9ExKU5TkBVfdYw1d6L,0
jeffrey74,MJqK9cNDJ3sB8ZDYMz1n,1
nicholasjones,Eqo7OoFP1aMmpRh5SrnR,2
williamssara,mPgtLd923dYGYxLkN6Rq,2
adrian40,fF4eNvmIFSosprMkML2I,0
johnsonbradley,obgBvaKYC9SFZJuNHHpU,0
terrymiller,wu0myxJg4yO20eR0vm7s,1
andrewnewton,PgshOhLcqWVkKa09iyg5,0
laurajones,9N3UusqXCaVaHKOhkmfS,0
lawsondonna,CgowYxbPjdWaX0wbnZyu,0
lorimichael,yWbf5hVxiOQiKu0S2q9C,0
ubenitez,bMvr18QNnSUjpaOFvdvr,0
ambertaylor,j4WfIPVn6MuEVVxkdVVM,0
jessica68,rjj3pbnst6QTgOzeQM5L,0
christopherhunter,OpeidLGM3VG5V2OpnG3J,2
crossangela,D9Jkn3hryszjNJk1wEm7,0
danielvirginia,vt6UKchA32DkEUcBWO6z,0
allison58,TjxIKaOH8utGDjEgGKWz,0
pstout,lUJpbkeEPEORQbW0hkOi,0
hernandezrichard,vQmf5btPuSUzKetuOsCc,2
jill58,fz0LGELtYLHnV5xrUii4,0
andrew02,oIK1aCY9DJtcXW54RqaA,1
joy32,Gfl34KzC2k9ADqcMVgtp,0
darrellburns,VDc3idJkOECPTiUnLNoY,1
restrada,ZrV2dWnEeJJYmwXA4NW1,0
lisa02,FfLxV6PjIEJ11ZLjlWpK,0
lisa53,hgPhNDRxsmFop6cWzrkq,1
shawtroy,WExnRqVjFXasJpquN4yL,0
manuel19,GMt5jcUlVUa6RL62sKuu,0
michaelross,pqdZqJgG5qLluuqzBfFl,2
bernardkim,8Ub4pjn5p6qlA5tByEhr,1
cgrant,7Ply1RKth5q4BRhiMEMO,0
jesse06,WXw99M6fIwlac4v1Cq8W,1
kimberly24,MqzmqROjk37ueuktC8ec,0
garnerjoseph,hBWiIFQ0k6U73Oc4TiiK,0
forbesdeborah,QwFwP4Vnwj5wIaPXEHj2,0
ayalajoseph,U9Z0SZ7IDgMGM7Uapu3f,0
jonhouse,wNlzMZWSXdSAZrDjz5ml,1
jacksonjames,0uASXhXwxA4k8y7erqrl,0
russelllisa,Ks3OoW5wBGPNlfnhDi6t,0
scottanthony,KGPdF67slFCPhWOKKP2P,2
markwu,chwoZwOOfXOLXdRH72xe,1
brandycardenas,AgeytUsyRE8nSqicxi46,2
daykaren,PVCTC7wuielcJZqY01N7,2
shawnpayne,zfqh20FQlamzNqjPvOXq,0
vwatkins,QxyMCsImu4nC9KL5q2CG,1
michael06,sEUv151KJshbvSGD5yHp,1
jacob36,Y5Hgobzzgxt2JPClMIDr,0
estradasarah,g8qwd8sbcxyDjPeskBxC,0
zgutierrez,a9XWm7qBcaLUsnlbzkC5,0
ericpatterson,cLDaNMIdVTwO6XFo65W9,0
vwilcox,rr2LKYgBnD7sG200TJ9E,0
johnnyhaynes,JyLymgip8psLGGLbo4o5,0
rebekahsmith,YApjPJ9TcL3hZVg9JBJk,0
coreymoore,Qq4ogSPnUN63Nm8rAj7B,2
raymondboyd,TQsvc6uGTV0Wk0AlQnNl,1
uflores,LyKqIRgJCcnZNNYunSAk,0
hhenry,aKSv7xJnVuIBX7kORFp0,0
catherine44,VYth4HBucEYUZKv3V01N,0
nicholas80,BHNvlGW0L69nuqSMdBd6,0
gpineda,X7oKhLpQTEcAfIZ5iJm2,2
robertsimon,l6hsMNHe90KobMynPw3T,1
bbowen,Q0DBauowPZVssC49igcm,1
zpeters,kO9yl9JnnKGbt3fWQezC,0
jennifer00,HHy2lS6YzDM6jd6cjF5W,0
yshelton,nPijiDCVXeDD2kl2IONh,0
andrea87,fp8czTqzdjFZv2sB1SYo,0
zlane,F9CreFYfA1ZsIQRVvd9u,0
lawsonjason,sLPCvYpNZvm5rqcjrw5x,0
gjones,01dAU75bLUMMdQTrWxDo,2
kristinachavez,gJuoJHoDS0eaAt3v063s,0
tonyacrawford,az9UdkPTF5n549G9grlA,2
jdalton,npM4Kc4YAd7EKP1bhYRM,2
qpatton,MP998NQAgt6zQpjUE70A,2
hpeterson,Nt6ugCLkIxDo60qDh4ap,0
kimberlyward,6rJt1GMk9gSZXdB8CsIz,1
phillip89,Otbl75VwouTrzpWyiiVH,0
parkerdavid,K1kctHOUbZ6Gp3EXL53y,0
dustinpeck,lJgRjReMyTEhWkbNmU45,1
bradleyburns,ItgG4b3Yx3IyKkqHaRoI,0
berrybrent,XLBfo9aYVb0c46sLejRS,1
khart,CrojpOBoL4eSGK25GhZl,0
christopher52,ogYeELcerJ2ica8kIwmT,0
cdurham,wAwZUApDVHWegYo3nGJA,2
dakota19,wDpYd2EkrOj8M132hM1S,0
torreskyle,nC3UghpZ61kYlnIJA2kj,0
