achang,UAqFzWsDK4FrUM,73208ef13d1b9c9f99cbcd9648313e32,1
greenwilliam,8Y3tT3QDgAL47D1q,2693b3c4e5a756555254d8b845d85421,0
thull,SyZPaE1pu,01cbaad985c7c7fb87f2f340f600d8b6,0
nhoward,4nXiHf929Es,eb16ba4151a6e8dd8f9c83ec815e6de8,1
juancampos,HYH7LKBKx,57689b45a208d858e6feaf59f3f9d66f,0
vanessa89,lYc8qeQijceR,6bc9018233118696f67da4966750d33a,1
kyleblair,rY03K6JBO94XfLEN,461fcdc144c413369875f74ae4e251e8,0
thomas15,bqRxkAdW1nY,39c88a7e8c82534f4e19cb690925def5,0
ostewart,hlZhfZhL,4c1924903f120c7cfc074e2ad3b8fac5,0
tammywoods,SDTdQHMZee,dc18525a9cc55d17a11c4ae5ad6704e3,1
bryan80,BdCKRyq4D3JRm,0c4609779188c22c747dad6bc4f944e9,0
cortezraymond,0vpLBkDzJF,2911846e5f21fa84405042909103584c,1
salazarmaria,yOjQCeTHiVDLP,42c621910c8fb53d453d7911f4ebba39,0
john51,yzOaluoNx2Jz,ff3da2b595877298d3d214446f161c7c,1
sallywalker,VRkdRB24LacuZd,ccac44fe22a4951c754b958e1d2853e5,1
lindawest,I78Zia6zaaU,21a484be777807ee0bd7c380f51d9755,0
kaisernancy,hO2r8g0yfrC,ff399760fae06fb6b1457371acaefac9,0
jrodriguez,2C2iJa5ayX,a1e6df9cd2b56818b19dfeec50f63448,0
jasmine85,S3NxHmKajuWSuMc,f50f108e3233eadf7a9dc62fb3e91f95,0
tamaramorrison,8ryIsDoclG,cd6004e1b50d90963458542fea521177,0
sean96,yuzg4D08vDRA,e35b58aaced856d2581b062440a6882d,1
barbara42,T35Mx8NefUday,9745a140b8acd1af40d74d1de0c3869d,1
lorijohnson,5WSnfn9KklhY0bG,a14843c393d5b3ed7516738926b91e66,0
thomas12,EpN9XMgCw,f2a33f45637aaeda78aa5c74ced80403,0
sandrakirby,98jzQ2E4t,cd4490daa0ee5e2eae6773ad426985b5,1
hmassey,N2H5aRUttG2Ljxs,5d0fcda09acfca266175a4397e91c246,1
aimee33,XG4eisVB1,76c92e71bb495ecb60cc4f5ff103e58a,0
criley,8F3FJQXU9U4mHLZ,17054ded4764c9d339e6003e5a6c9eca,1
skeller,Lo1b2TsJuEqZVx,4856b52cf3a66048f94f9503edbed5dd,1
christopher91,k6oTu6Di,f549e560b8ab72145ac9e7cfebb6e5e7,0
vmatthews,YvcCCgWbLi,ccadd39eeb9011f1d29d9dfd3180b1a3,1
johndennis,ROmWWgdRM,b55a49b1fe68ebf7a49e61b543c72b75,1
thorntonnathan,8Ss07ysU7,084bbdf09b4fe253c2cb905e25e518bb,0
marvincabrera,19cyxlwN73cpbGJ2,2dc94b429cbf50d325e494b86f18f932,0
loganmelissa,W2MFGF6j3,20eda7db185e580ec93c5ef9f5a37ef9,1
brandonberry,6zgVTbBQb,dce402d80874c0267d7b999b17c52e02,1
johnsoncynthia,eewbva8Ye3mm,d0c1e2d112cbc93bb1ea6f98afc9cfa6,0
myersmitchell,sQ5oiCDR,157d687180f43ae74b4650beef5882f1,1
johnsonandrew,bmu7s2IuKf,aeb92ba83044bd95dd2944a476c4adb0,1
jennifermendoza,xjhnFolxP1,43f7a2f1fb59f28f3e324811ee58cc66,0
gilesandrew,eeAITiANfBw6dz,3525c1813a244fbb69edd3019799ca7d,1
qoliver,Bx7flggLjR5lA,1ff9c06f917d118a0616f21401be8108,0
walkerdeborah,7vGwNfUsZBC,31c132d2876b0fab68e78010b0aa2553,0
ryan08,h8sLAUfE7HzN,375f1b92b7a357767be9ea61d8f65db8,0
gwilliams,qPay3SBUv,e533309c0615a2bf635baeb818f17832,0
wgonzalez,cXsvGp5kz,17e5fc785880648d17d65f5e88fa8235,1
kmassey,GJMGzNzWWsxM,d9b800c1b0e8cfe3dcdc6233838a330f,0
heidiharris,RxKiPvDzD,f387845abe84f8b84cb25aa13e6029b1,1
kramereric,OdsUdMbD3aGe1QU,a674eb38f6f0a04667fafa9ef69520b9,1
matthewking,whaqNs3i,e12cc421d14e6b72a432cab59798bc97,1
awade,gCukA3ABRGi,653910b73bb75fb6d4e0cc9ce038b0e3,0
kmaldonado,v8AETXBmS4cN2wU,cfe58e803585c0928b6a2b24c6bbc9ae,0
deborah64,LLRFr2vCNF7,055cc398b79192876d67e348fa2af910,1
annsmith,ERnqckaOiWQ8y5C,8816d5175bef19d091151ff059c1eb49,1
rogersbrandon,LftH3pGle,c778e0c75b3e1a6a0008d2ff9e6094e8,1
dennis75,ZpTsGxD2osI,992d9f9021a7d06144514b235a119db7,0
emily99,EB4zEBfoZj2nLYI,538ffcc38682b822e6ef573022c94755,1
jenniferhughes,7pn0rv9g,11f67512eabedb18cb4f2beafee72ea7,1
fpoole,WSWFCNqbMSkzn29a,d2ac02464d75ddbe1e81a94cd1016e6e,1
wheelerholly,hOhTwPRO,5fb1ef50a86fe38f190dc8cece55fe20,0
johnwalsh,etuxDKiaFwN,3ce76e925ab53758675c2bd2290a1313,0
rpage,jk9im4EV8oioxL,dd0cb23ada6adf45eb63e28204fd0ab5,0
sjohnson,3gZGwCanOOE7Dt0,72a6cb580bc068e4df0faa29afab7849,1
tbarton,LRYWxdcT7v,adefcd8e2fcddd08a7fd4e3a65dcc545,1
martincaleb,qPswHTjbMbc,5ec409680c0b2246fb6bc873565ea739,0
seandyer,ed8A3nAwku9Ux,80cd1abd39c2ece54b3be621e7ef8180,1
hensontroy,HX8RVJh7kFMP,6262a3008ef11d9cb4f7ca8f98350696,0
mary06,u0YpbYkWQ,33bb9314d68a2f0ba3c2ad9327eee05c,0
amymccarty,A1gMSMcvT,094f3ce1b5abf2344a8fcc5be821d696,1
monroedavid,M3EwPCFk,a7a71537aac50ef4d1f2e06bdb94bf5d,1
moraleserika,qEyt3I8VJqQCS,c587080e4df37b44ae640d072d06da3a,1
aaron00,EbTcQKWrQmGv8,6b08b39a269e5b69326def434582f6f8,1
leecharlene,h8X6pPH2k1j,ec974a712bb083e40747605511eb1afd,0
morganramirez,J7wMuWL9,442ec0508c54b9c2db5d35d8f74d02ea,0
craignash,JBvaS4PPpL,eb2235fe2cdf66fa28310686b9b6a593,0
bburton,6rZGdNJ6NHxAtaWY,83a38153cd81e055b97172dac68d6ab0,1
robin14,HI9lWX0UjO5I,6b05290d338861df5f91ceff66a8202a,1
desireeroth,6IzMXoaG6QNMETp,c7ae8f6ac76570a107d557f079411cec,0
darin24,lVAJoS13YglB,73f465f1c7674567c16f3de5b47d4ae6,0
williamsjamie,N6p2VLfbapVxWM,0e6b34624342554c29ac744123bd4ad5,1
angela59,KvJIrYy5,38297f1d3e39f16f196eaa575cc6d7dc,0
mathissusan,f1weSPDt,38d74fec6d03f6abea6fac89742a3b7e,0
djoseph,yh9Nzij1Fk34R,ca61e7e84b7fe57b3a5e09647aa810d0,0
iwatson,cIUN6vKfIYmqRpq6,afae8a863f30b309a70e8c71f9bce81f,0
jaredmatthews,IcKNcUYeOCoCjuO,2a23de21585deb77f595732dc88a59a4,1
taylorjoseph,dfGaWgLJuxw0Ni5l,0d32b5ca43dfbbec95eea9edca9aeb36,0
kristine15,uLcORX4L,3e774aa1a0b827226460eb28920a4a46,0
williamsfrank,45zBLMpt0ClCq,a08a06eeee8670370ae161d46a3ee04d,1
michael82,whvkMOaCI,d08302a0d190867cc90ba90b3089facf,1
danny30,ed1X1qOfZu7Dc4M,dc0f1d489d7ff464eda3e141dfbb2cf3,1
hayden81,au6RjWjQ,e699d12f97689cd03e3995702293643d,1
richard54,D3Qcorko,353dbea30e97bbc127892ba55adacba2,0
zwells,buac5Jjj,86402a33890dc1dc0123d76a563e878b,1
david17,zJQS5wny,77bcc944379710c5d3892cd7a1babdf5,0
vjohnson,Jvf3px4oD5eprG,0c671ee63a15d1d5729171957559448c,0
samanthasims,2rL1yMH0iyVT8Ag,9d377c37c1ce01690f29d76a29503beb,1
odrake,kvzK9rF5vMVNUm7,d571d608878e168cdd6b21ed2fbe629d,0
joneschristopher,sNsAQqTviMkAy,43ebd644c1b2d431c5f72b44341567fe,0
brucesmith,WHIkmoGYw,bf76c2891b07994d2c0db6e26bed1b55,1
shawkins,QX4ZVqjM8HixT,2fc638c8a3df408861e5181696aec3a3,1
ymora,29v6F79YQja,72b9996bfc33c98f11a49d563e378bf4,0
rodneyrichardson,KLFqTkfchwS,9d4db118071a9ffab94c8578a29cf5a1,1
brenda26,PwRPYojI3,176675d39e73a8cf0a671ac7e31a9d01,0
michaelbrown,Z02GLmRz,5a86af3c44ad787542603579430214ff,0
leachshannon,5kBdxXNzo2,f38d8d672f83d1ebc98ec5db2f5fd396,0
davidsanders,MqFIyqowsL4C7DJ,4dc62e2f63ab9a66cdb5156b4d3c4014,1
danielleshea,fDYswfOdPKmczRLS,67bafd1ad04f891cdce44716d4bd3a08,0
cindygarcia,I2vgaoZtnE6FveJ,1599f1f5ed7a95f32dcd63a05ed605ad,0
igray,71jrmWOWrLZhw,5932e20b9b66e4df547fd287e2afdd06,1
danielcarlson,Ox4AwyV91Ds,0dfe97d2108fe48ca743619878c4773e,1
zhernandez,vpl7EgxyF8,bf1facb7b63b2dc05d07185344cbe407,0
frich,FEtQft3o79Jcfm,91501dc43500a9a5b4fd87b441135bba,1
martha73,hXwocxahL5,64bd2b7bcc7c2f0d0469827852690b8c,0
alecthornton,Tma30eko5,433bb0df686d223f5ef869b749df8abe,1
lisa08,YBxVMqKRZPNKf6S,52c9b69e0d43f030936df250cb2547d8,1
nancymorrison,QMOxJOmF,147aaa4c7f5cc36af4535abb38a3b9f8,0
meganaguilar,g4h3DCvzxJuYopD5,43a5b1b60c512d6e86c559d2ce541434,0
fjones,SazVBApDorOL58G,158efac16d52ef0ae7f8b89c700390dd,0
jonesdavid,sGP6jc1XVDQ,789486011bfcb1ff8d34f49eb2335e45,1
alexis75,lyWX73QGSl5SKAN,5b270ae1fca04da6f529d479c31dc3de,1
laurenmelton,LcELtTadp2L,8d5167fa4ca1f1ab7d740f6a5c3f6cd3,0
gschmitt,AO92uQkIwBBP0DjU,d7f157e746eb769a7178e8bf8b508c45,0
gsantana,6RnwczfzJXHN7P,e65b440ba0e1c076663c2974dda5c1c5,1
berryerika,xHe8EazUtUVo,a7ee74b7eed86f2280d71b682876b26f,0
burgessrebecca,wCgB28xU5oK6ctKE,a83c2cb7de3b0d0c1929abd647bfccf7,1
keithsantana,tTbAP7V2hAbqxv,a8caf52ce3263a2c0e2d2f6202f54a33,1
epetersen,UHdFa4YNpi9,978ac4ef7e5d62cfd2b6935040cc331b,0
olawson,zXeJG1KEGWvIR9R7,1b58fbb5b704f4c9e549aa56ec48f353,1
sandovalaaron,LUvq8v90nZ8,f36ba6afe160dd4bbf4a73a3d799aa9f,1
kevinhudson,PVfYtR6cLshS8FvB,cd56d4944ae42482db0c6045661da55f,1
cameron44,Gze89koBRbZNq1Ot,94d72687686fb679f9461916cfd0d2d0,1
ycruz,Wp3Gqdyr,2293f315c8e0514cadf18bd8b9f39ea6,0
martinselena,64H3RAkdRDbf,e6e231261251dc40e0f61b8338885d32,0
justingreer,47aUGhprzD,aceb26d829f5760516c3963fb96f7bb4,0
mcmahontimothy,R0wpnsjIpb,1a95e1d2a2e397ed2195d49d42cb4b20,0
travisboyer,5RjVhZQUGVX1Rb,2045c6caf93c463bc06b6647b400d2af,1
nunezedward,dkFnHEhfaZf,eaf6adb5802818143507fb673bc16d14,0
robert97,BrzvyT3jpnc0Fe,f12a27397f9ecb13e811ba28cc30601b,1
gellis,BWViMFajPw7,ef6d689eff87b937a518d4da98d5ba03,1
bosborne,bY51LvsiY6,691aca34d0fb46bffbd85a5ca3030b6a,1
georgedavid,0Lyy3sYJoAqki,02f5846dbf1e7b7fa56704dee98ee6f1,1
daniel85,qs4GWmpQbL186,99d4010645f01a1acabeedbc7bcffb38,0
patrickfrank,M4OLqPOb4k,de5f6f58110f067b911f7f02bf5bb6e2,1
drodriguez,yEwvKWRVaGv,4e5a84d7167673be16d1f552581cedaa,0
vmendez,mllOLFK614d3bO,bb2c9b6082cada7d5bbebe68348a9faf,0
montesjennifer,ftNMZld8t8UED4qO,c645da4b667ef1ca4aae786795c76933,1
kristina26,3FIzBPLzhO,f4d83814c6b164af63ab5cd0a9e67e9d,0
sabrina18,0UDQgVqWN,4236e4996e838e0b78f12ed6e863d76e,0
benjaminmyers,caWihx82,576996338f5af27db09fe57600cb7574,1
katherine75,fyJ9dz5bLy,33f25ef7c935095b18543fae7c5a6d3e,1
huberrachel,z8ZHUBHI3NKkfD,941002fc2fd4d4eaf53990ef75e4636a,1
tuckerrachel,nQ11GW2NjiVi,473f271503ffa2557449d16ab9f81ec1,0
jerryfrank,aYZuUfmBQDGfB,256e697827464398a01cd87de60bf66f,1
hhunter,DAenNZFjejxJPGJv,e8e1586963682528470faf8b951b479d,1
ronaldknight,KtPMFoFSWwXaJD,a853dd395ae7fff344cefee2a3a5535b,1
wallsrobert,VpbF8JcwvEU2zY,3c5c0958c8307f8808d650dd3841cc7f,0
perryeric,U3Q0WjcTG9kxr2D,f3f56534d577bc7126c8b36ad1d7086c,0
moodyryan,9L8kBJ8J1MFywsn,f6c6523248fe774fd59b2f4ee5e09c86,0
ujohnson,LRsz0leX1l,6564aa3a1ce9d39d6f2ae33bb1017324,0
christian11,LSfEnyFvzTc7L,20ff4ec8c8edbfd84fdf20d5621ea0e5,0
heather55,CprEY0URRd43ujqS,7fec23f6854a928dc5e36c9755b991ef,1
alejandromccann,Hz4x6fe8MFbO,bb54725556e942819c32597337c0dad5,1
chad23,3ocf5tY1S,d32b26f318eb7f05b2efed809a18a802,0
harrisemily,s4KoioEsTqe3,7419f86c5ff6f78e46830a0ee5f7afa2,1
adkinskelly,mKvOQUTfSM,357e150a3bd1f1cc363e8e17e868f042,1
cantujesse,aimJahEctnk,d67b9a8c971b2096bb68d45e7af31ef7,1
jacobrodriguez,oOTPlvqH8nIex74,86f6c43fa43f5128824b7f44f6ddb7d0,0
jasmine42,0S4CA3HVleBuFv1T,d330c94fb0b09fc69fe4c50d740bf95f,1
levymichael,hSHjcMGJzDyfHhPU,3a1605895c57003d9fda5f1f7a5e2d73,0
swoodward,moLz3HGn,033719892d6c85a29609c18e28f1b70c,0
jack11,5gimJNAyNqX,8b147201aa8edea826258cea2c74e3b2,0
eric22,vVmN8BGnaoDLZ,b90ab466225f0320e028bcab4650e2db,1
lesliesanchez,uSPS2fhELOoi5o,35d17c8ec334eba38994d50692e2793e,0
kellybarnes,rGNTjFtSwYl9GAS,550d518ae19121141ac02d8fc79fb3e6,1
callahancarolyn,cBrOGZEjjJqn6i,6d790d8031175b1acd9d783d72f8d042,1
emiller,Wl6tYlW3am,42572aa6d4d9999db1ce0ded25bf869b,0
robertpierce,YTpIxohY6WjE5po,342e6e07ce20e27395b56437ad4cd174,0
brittanyevans,0YKkgfMJpA,3441513922dd30dadcc572acf0ab2229,0
christopher75,i8duNybso,5a83aacfd9a4dedbf52bb3d2b372ca68,0
bennettalan,pGC8apJHiu,a1caa5eacc3070c196a7b2a7e470e25b,1
scott54,sBNoO4swBxN,238de29c04f0ad5ea66dd827b92deddb,0
ldavis,FVD0UmZq0Rm2,6ff828185a78ff6359a77d2c96ffb1e3,1
hillangela,zLq2RmqRYOBuSlz5,64330dd95781bac4be6d8541f9dc50f0,0
lauragriffin,wSDkZABwgfX,9875c26961e15be16f745c7e2d39107d,0
alopez,aX1xDySAP,9a7a83221ff3f7bc1d44c5df38ea9aa3,1
dthompson,sGIQaifUCm,43aa692a06cc82ee442b8c67d69b9b12,1
sharon25,qkBaaumHFsfHrd5,f20637794e975c80e295030f3310c652,0
fwelch,BkpZkRJIbh,0a3c6fd7f648d70b5011d2104519910e,1
sfischer,NxpxCKIwA,23eb1a6551c8756960b71483eedf74af,0
greershane,8LrFD0T2Spqk23,525ad3792ae35af029d2599ff07717c4,1
tsmith,xM6rp8CG,aad9eb1462ce554f479e52b8a3b5d6d7,0
mackcristina,Y6LIczC7BaJ,62820f91c37a0122dcbd33ffc40326d1,0
rogerpotter,9OSQ6zrebDUTaMZ,29b08018dbbf57775682d59a16fe6fc4,1
gregorykathleen,RRdcvNxNVVr8IMN,e0f5e179e040c6efc68c96f7c4122a5c,1
amysullivan,yZ4y53V8Ss,eb9d53332b6b05cb81d196e81b01ab7a,1
martineznicole,z4OkcBBeouxM,5590331155d76d41e3f758ec1497d98f,0
smithraymond,YEeg6bOlO9,e478e5ad0c2ed2986714b3543e5d7018,1
vwallace,lytGjj3ODTTsyK,ea6f635452f00bf05cc896b47ec1bc39,1
michael39,VeVSs5Ct5xecX,466b052bfe2be9920ea868664f7127da,0
johnsonlaura,ataMjKkOKbUig,fc98bc590621ad0d526f981d598050a9,0
amanda18,mgEeD19Tk,275c02350e0e296ac4ca9a05605e4dc4,0
pamelagill,1TAiM7TIfX,f3779ae943ae38b42d98a3fc98597be3,1
perrykeith,GuRH4pQjzWwrv,92dca08cee8e78c9952d6c88caef3d07,1
audreyburton,aiTQOihE,67f3f68e0ead1c9e13e47e56b30780ab,1
jenkinscynthia,rqic4vUmNF,752d7b53f94b531f9029073aad042eb6,1
yfigueroa,NtNMQvygr5,5a1598ad0b14cd77d46f609152558356,1
kelly59,wNocUHWjqUqeuzVq,e8a7148132ec09d119c18653e8433736,0
ericterry,w6GhE2LerRca,7f8a37f8fda1317208485931353bae9c,0
dmorales,kzKY4bH1l2OK7,02f991d1424c263f921b8a23fb3717d0,1
anitaevans,hXzl1oQ1XU33x,b18afc046d116de46478d459a1b9fa39,0
nnewton,MEUkQxB7SUp,5af983ef7a9cee4e02b47e40bb4a9a1d,0
gburns,s9l9pyGN,7e42f5d138e75d5ad56fb00c951f491f,1
trevor07,TEhLpSxFEO6mqOzc,44a0dae45a7d3c33656ecbb18c1913f5,0
douglas70,I7rYbQyHIGIT3J,a19f87161056e42a88b2e1ab2473b826,0
anthonyruiz,nAnkLM8E018E7,11611a18de121b19bf9fc9bc3b836398,1
mathistiffany,vGXnc5qYOKtiidv,4c45b25cc09a3bbb752aba74d9da5be0,0
parksjudy,EeGiCiqs,cb904bfeaa5c463078b2d2d47acac1e3,0
csmith,4cggPstJlaUzNf0,575b5d24bcfbaabda7bcb536d1556f26,1
oliveryvonne,P2jYVMleitsYvk,930c678f374819ffe88b038008526439,0
jessica32,XEgKBtftqwShx,fe2513827137534b8715df6b0673e98d,1
james67,uVaOsl0j7eGq,b1a29a6072a9c488f4b2d5d9fa3838f3,0
patrick56,xfCPRdhN,514ab8b8198b451ec94467a1a4433121,1
thernandez,rJg030ykC,c3f5a8412f41c83691f0e4bd5db42446,1
alexandriaanderson,MOz3kkSnG3wT1,ccf3adc72b6ec3be7471f9da4e2e7b9a,0
seanclarke,GX9CdvE5e4BgU,9f391918e0dd8001d7fe7fe2ae254b98,0
fsimmons,ioHO1KNDFPqsM,cd0b8464479af589116f47e81286ba79,0
yblair,mIZtkdGGLHO1,8d4aef7711c61795907caaac10ceb576,1
scottharris,ouEGTbTXaIbi2,6a19f90b799ca594ba768b7260beb649,0
bullockarthur,4PVPVT3wxOGQw,f18ae1fe012725f9268049e4b91ad3a8,1
pittsmichael,ycTJ2TzWdN5,f2a2c2fb00beea4e0a28371218ae336d,1
jesseevans,2WCGEYGsXuP5,c9acc2b2b16a0df82c0042abd60a0c82,1
bushwilliam,n4CsAT1Y,0dbf3894af4bde79e6ecd839dbe93f02,0
kelsey56,D6k6l1q0k0,1db65d195df24cc935452dd1a97df122,1
sbrown,L62oJa7WIHO,e232d3f3af6b7b5c6a6454931143225b,1
fcarpenter,jnwgxhJGLV,29b119834cdc68f2fbced93f473d3340,1
janet35,fz9UlSlQrPk9,8ed58143b50ebf931e0753ff902fd1a3,1
bobby02,gfalApuAheLsxSvk,f65f807273627b960e8b412b640fec95,0
adam02,rCXMjiIJQC1ey8Db,e550788d8c93824b669f777857475c59,0
buchananerin,YiYuLEBL4zb07Yj,cae9f9159535c593865ad4542e4e411e,1
ogrant,115NiA7i5wKYfgD4,3cc674b716b8bca7d701f88d62383c8b,0
mlee,XxqKBG8c,bb857aa4d5b2f0bc73b30422e4937244,1
obrienchristopher,4nUUaYT9XYn8vX,89bcac2b7f8d9aab6212f3da07ef9451,0
marcus75,m8hTjYSMkzP4,30c2fa76a797a1dc87104c6b4ba7f808,0
anthony03,5zeJHnU9SX,15a68eed55f7d7ca5c3b9265b0ea3319,0
christopher85,VKc7WndeOK,6b85237252ed5c82544f6ee8bd497a3a,0
maryking,UmsTJj0Ya9utHos,58301db0c0d1879a23211d60c31948c2,1
larry64,e7ZvgIvSZLYao,b46b3380027dc92ec483bc14f80b263f,1
tcooper,saQCeWPXhxknHbc,e17d2412bef4b5be8734858e1449ad48,1
bradleyvilla,kxPNG5YKQzFN,473e346608f8ca544c693e96bd0a72f3,0
smithtyler,ClmchUusiJzdx,2c2252ff2238ca7936d5b80e4e06a008,0
zwilliams,f6i71see,97134531f5d89c3d53e9eb86511b8f77,0
dwerner,g2sti79MlzaWiFSP,ad936c592d7c5a6c9c47980ebc5e77c7,1
fwilson,1WUKlPRqxs9Rwm,9124c3c0e16848b6610a156c51e5c25a,1
coreycannon,oZlxHpk74bH,a6b188cea7f3586c392aa0ad0c423344,0
nhenson,AgXmsf8FAIlXr0Ts,2e70ce71c66fa7f15c9b20048ec3a0e3,1
bsalazar,p45JoDlA559X,d8d9e2da946488460941ec9ea2e75796,0
lwilliams,Yvi5CVtLErzXClV,43083c9f18046ac3a4b3ea5f3fdb6b7e,1
tracyanderson,sg66784JzTG,2222061a9ebd44a0989874dafa70f253,0
sarah56,kO6HjwFAjL2,c200127c1079686bb390d2cf03724904,1
hawkinsjustin,V1ugt3gUI5,7b0218e0109d89f6293ec6df0b866ba5,1
jenniferwaters,M5EuMmNzFv94qWRe,81e4ea5ebc7264cceb29b536869e1d3d,1
qherrera,cg5rVpbTNY,2612e293bbe538b435b3080659a97ebe,1
jesse19,4SmyMHyLH2tAf,f2bbfdbdcd931cda2211a00828fe7606,0
thompsonrobert,OI7Uw9fn,9fc98af4a5ca5ab7b9aa674306f89065,1
justinfitzgerald,NRrer6nSCjaJQ,14bca7c5f5db9678e4f29a7f70d432ab,0
harmonzachary,wdnopJxOt,59d1d7f70f78105710c71387b9a1a421,1
martinezdeanna,ZWpT7ggLfZXAOyTV,6e9a8b62fadb6fad5914a80f9738cdc4,1
maddoxannette,nLIPKUCJ5qPTYJ87,b89ee87ef27f27447510ce6f4a19e82f,1
emilywarner,B4YueBvag7SZgmP,7a1f1b72e24de2f95e5a23bcf1f35a03,0
jeffrey31,bUgPbTr4,f3cdb0914e23a730d6f7897e467bd2bd,1
emily35,mUL4ta1W6WgQ,46768b8683303fed70b06301c24d0bb6,0
kmitchell,CYr46VRICqf59I,08363c24a03a2c6c1006edba1e44b458,1
lisatran,7udPkrDHs5UMe,10b15c38551b33df8cbfd16759afa08f,1
michael02,YZk3sqaj,7215136b7a9751fd71eb87814452012c,1
lmoore,hNxXOLcba7n,5c46828e6adabd61fc70d420bd0510b3,0
taylorjamie,gVydgdpGWKXuKqo,c68402d0bdbc151239b7865fb07c0b1d,0
shudson,GbYtG2ShpYHtXoE,39a7f816293452c0b64be1bdd3061861,1
joeanderson,lqc7s0vqyd2Qg9,df59c3efa56ffde3eff858eef0d91503,1
kathleengomez,bX56jiHzbr,7ad0bf74ca6b0d563367333476887f06,0
cristinalester,KaWwfJQwzw7,e598ce3624b2e859855e754a884d4325,1
jensenanthony,nGL6F5tKMf,c5fdd401803b439629c38d452f36d798,0
tracy40,pqlzgj1lBfXqP,56974a528f8c694bfc646de10df55933,0
angelamartin,7mK9AXRVwbz4Yf,ccc55b223604046ab838b48f57ca22c2,0
vlamb,rQA2Mz60EAzztk,6a7150c3243ccb26de38a559d2f82826,1
tpayne,FBJySp7CV,4d01ceb9f3208386e4eddb6defe4406f,1
greencassandra,FnJbRqx1M7oa0,379e019234bb8ed79e8cd2ed401d6fcc,1
lorrainefloyd,1SNXmh9JP7,2375a8e852ae0db6bd6e1d70043bd58c,1
nacevedo,3ZDSiUyZvXrEy,d43b3412fcc72d0e8926eb8928f0d79c,0
edwardsjulie,Y6QE6c4Ums1gqjm,b4a8b1b625f620a14d20ebcbacaf5d72,0
matthewalexander,v2Kjg9prlr,0f8f1fbddc1b2733e932ecc2209eb737,1
jordanpowers,zuKGqgIId,cf8018247da7397889cc8831266fe631,1
andre98,LX3KoA6f9pVvS9,1dd6b682572e345617e7dcbbb3247e1d,0
oconnoredward,hZYxuK50,b051811a48c2dc48866963aa07514f45,1
henrybryan,6SgInNyc35NmzRhm,d7ff16c7990a671e0ac354c35c2779b9,0
bradyperez,5UioO8n0A,169877c71cec1cdd3aaca40f5977673e,0
carl05,7rSnFYM0,cf44bfe6fe48c9cefc3acfa8b9da3059,1
ntaylor,FEnd4gAgcuhr,39f380cfb3952405d0c2d52f2a894aa3,0
wgraham,2sJfD4nocJC,aa35e84143853404e2f7a407b99a72c3,0
gregory56,1nYuSgB6DWlCjn,df94663fbab8486df941ab94359cf301,1
qsmith,AyiKEXLv1rs18,fd8ebb9af4ed436349357c419da9a2e7,0
kmalone,nJbYATbXIbczMC,3a251c059c21df0fa628c00c390a2600,0
ortizpeter,xAXcvdOPPMUaNNZU,2c03832bde66aa429e8bbe75bb5f6136,0
masonchristy,KzrghjoDLqm,f4b6cc0a1ecb49ec8cc34f7cb675a006,1
christopheryoung,2iQOeoVhA,0b31dc865e42108663803560f9f44988,1
johnjohnson,pYIIRyRTYctKPK,3c695f08edcdedc4b030e33b0bcce2a5,1
juliamassey,V1od1FvZSoFqW,847dc3ac6f60209e101058ff6cf137ae,1
jennifersimmons,8Z0smp6knX1pG,fda77e3f1afe88c0b3c732a0105a601f,1
oliverstephen,1KDQ9NYYqymLWz,6aed2e136f53e45d82ae8251c124eb7e,1
christinawilliams,XxqD7K4c79o3SA,47bc7219b36a5bf40e2586e6b79f4617,1
linda60,oJ1UYC7L,e88756f7b7a803ea2ff2958f41f673be,1
crawfordmichael,yf1bQCFqxABEZN1F,fb8a901d9241e43165ad10ead72b4ecb,0
stephenromero,5toLtPrfRXKXgWDp,cb9fa581c4e3ec162205d8b2dcd6dfe1,0
jillsullivan,SkjU451m,b930bf9adc74aa249c423a0fc0c61ce0,0
alyssa48,uxiNHZgjunpvvFTG,a86b648ef400ababf415b32cd9957f40,0
xmadden,O5JSCegCMxl17v,84d500ce2b508794f73d4adacc84f403,1
sarah07,i8JHtXlPP6ZB,39cebc50e2decb497894195ddaf3966f,1
zgriffith,IcmrmdwTxc,2ac7f7c16313790777ed99f4daed4bb4,1
tyler04,BaAI6QPwoVV,e8f724959b53ded74e16cb42ec7ae16c,1
kingerin,SuP82xumSo,902c4c7f3dc2aa126f9d30965cb7f085,0
wanda38,WmjloeoyNbMS3OJ,7ad297c150d06becae26f3e5194e3f85,1
paul43,xMXvPwMcgO1tTVe,4b0925ca9a50c292b525f00857cf8536,1
knightmark,EEITG6jaC1M,2579e78e426602bcd33b83fbb8c5f2c5,1
brendacortez,eVLClEXdps,13d1d723315f98790eca36b257c66337,1
francisco25,5KOEDSQwDetU8C,73e9fe7d5b2987c5bb1c85af0344f75a,1
richardsbrett,WDwpJK8GOk,b022da272732948a0cd35ef5b02c2036,0
stephaniecox,KVQHCIraN3vBRcpV,7afbffa342ac1aea80c16f4720cdcb15,0
marcus69,8DnqbDcb,055ba7493d3aceb7c465500b6a206fa1,0
aarcher,V83nN4OdBuOdOcd,3c1d63539cf435ba552f9f386a7db30a,0
ashleyramos,Vqaq5IeSM080Q2,28b7576ea9235d2650da3381c1e2ec74,0
sarah74,Fspler2FGg7h7ld6,59eb6b17fe8a91a93fbbbf1d44f18f45,0
chadboyle,5U86ob6bXuNY,72b91a0ab66c8d01846093be389b16e5,0
stephanie28,pdVAq3K8Qgih,3cd504a436e398be242d40195f85f26a,1
bryanfowler,4dz6Xr3iumAH,6d5956a8d30f03dad8645fce08f52c93,0
davidcrystal,kM0f7FWdwC,abce8b7131bedb59ed32125d8afbc2e7,0
rfischer,F483v1tSRL3XYA2,fe53df723aac78dd6f44672707a06d52,0
justin64,yxi357R2SRlmX,536524662c2462300388962337d3c394,0
amanda85,lu0xd0WIcj,7157141fc8682aa3b9d0753ba33f2657,1
james62,zsV7AkBiCz8vh5R,507d6b81759ff2d302ec9500fa706e47,1
bradyeric,Ph4wcR282LbDo,f8b8cd268691e70a6b2d5f61068a5017,0
cward,474mxsrQvdk,451637e37fc9d85ded029a0fcaf47168,0
zfields,53jC9PtxfEapdg,440ea85ed16a33725ecd83a6d5004eac,1
rachelcox,z0J4Ja1bn,fc2837e3d4d2f307f32f28b5dee5e3f5,0
erinmccoy,CllFcF2yZU,bb4cfa110640d20e8dbdc449ef530414,1
vsmith,MHNVJOOB2qnXc,88aa92e464551c780038dea3a3e7e722,1
ashleyallen,ELbMmJumjsHl1M,48e0e69dcf9e96e49fef321465fdb999,0
sierrahouse,xd5YjY6zH2qw,abcd7abb82995b9e643d677a3bc2e309,1
berryjoel,w8zqmCntx5mApO,0e58e766247f28ac817823508ec1e1f8,1
zshields,hmsn5moR8NsYj,15004b0fbe7632bb6b2ca9bedf7ed139,1
rubiofrank,UEMa0Sm6,941f3fec6beab3220a02a64e309a74c6,0
reillycynthia,slu7sB0lCqA7B,e2b7f96cb8e734ea4141c00c2fef08ef,0
johnny59,31vdENBefUHOs,c8c38cd02571da8de6b30e60ff88353c,1
christopher07,2O9vBOHyvaWbK,48b84f388c43e68b55bdddb7bffe1685,1
farmerjames,QdsXmHnhzIq,36bdeeac9d6f7e5f7c1663f297ed2c91,1
xhughes,BTjKL8Lz,2da3e7a00203c3188b107ccb0d924e9e,1
cterry,MHPsp86T89qv,d57e73e691d17055105920412e8619f6,1
kgomez,dxVZLZ1Ese,c0f666e225790971dff1e1be9131f7f3,0
anneramirez,ndfBtxnIGL4u,931a96ab8a222b0a3e474ff88a7f171c,1
sanderssamantha,h83MLKxvqji7j,a6f1e5d61ca153823c1e04607f7da2c0,1
bobknight,QOO5TI6T,17c6db14f8cabb3f9d2c48c61509fdec,1
michael13,WHzzAIp8,6dda5640a59866b3d887aaa89a54e56a,1
powersthomas,GOEkNPKGD8g2aV,46bae9bafd3fdd685112cee62b94c310,1
sarah05,Gd7lZ92NjK,e1aa4ee2420ca8d5b06b0aaa5b414ce7,0
wwhitehead,QkcYvuv5ZXE9J37L,e681bc26418e2407880cd94d066c4d7c,1
richard29,bHhY6Is3gWcW,5074fb4f8b0ec2a991930f72bb029f87,0
richardtorres,PlZnZM0Ha5JB,ecde5709c1c56689c54ad08f741959a8,1
martinpatricia,JWtAlDWc0jknTQ,963290788f4636f152268fd2f1c4fc86,1
tthornton,Gbxh1FnCgmg,5978225c428d61cdb82f1917900b60ae,0
blairapril,a6pCG8tOZ,e1d18cbfbbe8b4271e8494f38e72bba1,0
wherring,riTEu4mhMyxKL,2b0705f39aa9fa7f7993c9ba631b00d8,0
millergreg,gccn4elJxPmQ,1c2a9e667bd4b74255f02f8e4e7623fd,0
james45,Eu0O0KDm1Fpco,891bf617fc72e9fd37ddc19c42fb125d,1
kimberly87,rcyQp9tMgfXLgyMX,d84f9651dcbfdfe07d24cf83a16a3a0e,1
katherinecole,C2KVIQYZlRSAsm6,44b8fa5409b11ee455bbf30c60b8dc89,0
benjaminrichards,tW1YHEYRfVY,86191f5a89d95edf608c4daecbb665f8,0
huangleslie,im2MgwHaNJh,882987882717d520e063212170453b9d,0
leekrystal,5SH155oENdzL0c,62cb3dac573af7affd01328edf523977,1
lisaboyd,tku9EeW95Ly,95f7f59cd4e62f62445e9a18bcd6dd5e,1
roberta27,lPDRmrssRvPabD4c,b02e31e0872a2f557cca91853eac9e3f,0
stephenslori,9tedenKc,261df81032349318449ab85123b3f57a,1
aaron11,LWCGPLEZrLovt,311f813914d009429b4fa3563a890992,1
klawson,yXq7LnsKay9,fa2a2f01fcc890c4f893bc474a85a293,0
yrogers,clCKZZTu,1579a98776de55cb768e701b331ec839,1
vanessa12,ReDqcws3JotG9qxg,8b81c8021a1e034f7cb445f5c98fd925,0
sara22,mOQZZqx6GOR5zW,bd7338faafb8ffd61c75c19c8691aa0c,1
morgancathy,fnD5UZb5QRoIO,2c87902864fd54c7327c788266ec11bc,1
gutierrezbryan,fDSC8tO7DMhH8dJ7,9ec2e99237a14b90844778cf693cfb36,0
laura09,rx7vKCzo,21c7734abee0c676e275010630c6bab5,1
michaelconley,ZC97qiRcmsoC7Et,ba619e5a830d4dd2c5e3e92ecd097ae7,0
russellscott,FanH1xut1F3P,c625de18428a8ab5d3d1dfa8aaa0678c,1
emily97,yfd5KYoIHhY6,b5104af8793249ec14929867bb0a49f7,0
dwhite,K69E212Q6Q,394c7e78653a78bed5d649ca0910a44d,0
james61,ZjrDBlmCWkn,f5caabef8e0f25f28f6a11f386df10e9,1
cole05,rnOCiABT3dJUOJ,9a17175e128d1e342e3435d9a9ca4dfd,0
thompsonchristina,M6bL3ebubsyxTU,bc6433d5dd0cf92ec5ce83a765f3b8f8,0
morriskrystal,1B2tC9jJTr,715bca6316a6c98d2de1166a9f73e1f2,0
dalvarez,W9pFVzJV2E,a939923a9eb20bd97c5f0839b19c43f7,0
qgibbs,ip2XovQn7o,99149b02e2378a4284a18e06d25d7f95,0
wongcody,PHZkDmBxsoFCz1qf,b88145dbb496ffd7eae0fae1af632c55,0
cookstephanie,ElCGDblLvWt,ae863efa71489fbd5fe46194b1efde5b,1
jdonaldson,uszeW4NKWfUQj,57c2d9ff8cc0feb20988e99afb32282e,1
susan06,bIOAstd9q9u,34e23fac1d024fa4d93302a1a3baa0d4,1
eric82,f9tJid4K,918906ced11f851b3cb14c17068fdd5c,1
gregmccall,OX3nmM2YYjq,10bcfd5dad75a8c9747d3ae441c0a005,1
sherryvilla,Qs2u6Om1X2Oie,fcaa29887e5ab11f7fc1be0f19c9a315,0
sonya76,GDKBSHO1f0o,7025acf541b4741c8774b20a72691188,1
perezcynthia,HunZbLQnoY0zKF,8c8a4aaeba09a67a5a62f7442fd01fe0,0
george35,PT568aK7Ol,1a0121b40d9397d4d3c279f9e99819e4,0
frankfisher,uGzwfNyFd9s,9e1f50d99267186384c18cc041c6c2a0,0
nancy26,g7rCAl8phj,a04d8b28943f4487145115a3a20ff074,1
martinbrandy,R4VS6fDmudFphuh1,20e1867dd9279c92fd1959611b78d929,0
lhiggins,95sLEtdbShcp,9f5234ff56ec4a6e5688faef347fa641,0
andrewholloway,nSFAXCSMU3nQanTt,06723b672d6acec3da11cb141c65515d,0
johnsonkimberly,I3Hnsiud,d810f8066a9389c93682aef043cfbeb8,0
berrydylan,gShx6MbgLLIXkJqs,6f5f18b35fd583872d3e12b850fcbbb2,0
emilyjames,L3ghijLshpEXn2LB,6fdccb6d290f521ebc6551a9e023f535,1
barnesashley,8nHgyhwNOpOT,8ede291113ae706f610767f4a6b7dcbc,0
jennifer25,SwSug13A,0129f2972e6bb9d1773c29d31273c3ee,1
amandajones,yLrJMbktLGZ8,de0ea0aa323493e981f36a579c6dd335,0
wknight,dVF8O9LJZLgkkO,f472df135b7e7bb0bc413e1450e8dc99,1
reynoldsryan,iJ3AUMEGrmUP,de42801cacc3bf2a13e9b5dfa215ecca,1
zjames,zUT5STxn6,54a64a0dcec4a4e37e04f4adab4fd9a0,0
deannasanders,gFNOgunu,760f4103e2a5c2da97883fcf75a2ce45,1
houstonwhitney,jvp93TrrjKng3,cfda5e03635e2745ae9e06f7b8942e80,1
amy99,Miriraw6M6BdjEo,0da617f0515b5942cbf73036c1a0059f,0
rmcdowell,qDAU6Hfhz,d962d8fe73bd684acca0a7c207b9c154,0
carrmichelle,K1199RD8pqq0Ukns,2e4144832248329056eaf631bb72a200,1
gmaynard,vTP50pCKUcWRwr,af291cf7b574c1789ef23f253700e8f5,1
thomasphilip,l7JkB3hBRNVcP,9c0a91a47c529afb422d240d2514b5a0,1
zsimon,rKDf1v6ZtDt,25ae4ca4056eae0d46e00bc4f7916619,1
tmiddleton,h74QB3CN5,11173c659f7e34b2db4ddbcf5ae33bca,0
kmunoz,V5zIu5upyg,c75f2cc2cfb0729295a747c25ba77013,0
matthewjenkins,gSucQsY4K55ySbN,95d3fe172104d151f4a88b82ce617b92,1
kathleen15,sHxsBnDob,13bf59aca688446850704b04155c7aef,0
douglas57,AscYgtYTAVqAY,4a684d518fbb5af990bfb7680826879a,1
gonzalezsusan,BRlCiIi65rta9Jt,4001545f58290dc1944e6dea730e7283,0
jennifernguyen,LE3kQmL6Z4a2,a78abe39a890f143420dab1a5c966013,0
swalters,fmw3A1oR5I5Cm0G,8b5de08fbfeddb55f86a800c527bb976,1
ajohnson,6zZF73eJZtML3YN,019c098653f4610521828ec4d3179602,1
nicholas35,rzKF6SfQKGuW4u,75c04082466cc3f5dd6b707baea3050f,1
davidaustin,V1Gdeslqpf6l,1d3ce867ca96e379af2ea980c04d53da,1
anthonyray,pF6bioARKL1eWo,eab8899cfec257ef3b41467978669996,0
tjones,n6CjLphEFS3nZChU,58c1dfbe34a7a862766eb12be64dbd93,1
stricklandamy,IapJbiGn,ca9c99f1107a2614b69c6b7f956556b1,0
garyclark,xe6SioMsjZrRyo,c60c340c7b3f4bebefd538486be42cf0,0
anthonytaylor,zMi8UZm0tvP,73549e62dbd612d757fede74e6a21f4e,0
nkelly,lEOck0w5ohlP,d98cd2ca880966d34bd8b3c7481a70a9,0
jennifer51,LydZmJna,ec4fdfcce722e26c69c0e09b2590df88,1
qayala,HqdVDdiR967COfKT,c8e4c4b1c548d9bd81cf533718ecd282,0
matthewmason,6VmuuDyly,ad33da30b7bcfde956e8412fec3e7698,0
amanda26,EbmmtGfUyk5egLe,060061033cf99d7292448bb486889320,1
jimmy65,rUNKQGUZQNOvq,064b5f9077580c58f77ffdf1d18106a4,1
gfry,OcvDv4lV,acddff868b42bdd6fd8b62aa7ba7a006,0
tami61,YMYQZiqlhnfBvamR,8bda42aaef57dd01e257d3d1b86b506b,0
dylansilva,plJB83gO,4e5b7d61a51e377f23a30f98dd21879f,1
terrydeborah,uvvtGsR02cr2,5216c035e6a3d6020bbf7ab7d751e59c,0
caitlinmorrison,2sx04W4Ik02sPb5,a570e5cbee4265b1e77bfa80b6e5246c,1
adamsjessica,IQZRu5nUF,5f8b32cc6d2e769f866809f30a125078,1
nicholasleon,FtGmqp1y,6af90e93ae7e4e40c3a9d4628268f213,1
wilsonmichael,uBsoHgrfZ4j6E,3ede67685f52e9dd6d569af85e858c5b,0
rflores,nhuaFawgpPqa,a9e39de3c1f3440b3510dc8de0a3b7e7,1
swood,JQ156VL7yCPZshbo,601e9627f36384ddc3b29eeb172a20c1,0
elizabeth32,PeXihnklm,cc694823acf372f0dc826dda7dc62137,1
deleonwilliam,GOW9r6mlX,a1b0f1c39a4fdfa38f28a44fb2fb8448,0
anthonyday,33RRDevVKsk,923c6dd1dc1b9b4cf0d45e761f7ff1d5,0
natalieholmes,HR6WRN9L,e70d1bfc39167aeecdcdcf9ac3a62615,0
samuelsutton,UKVFjeEDKpTa1O,582a2f593908f174c3f052fa2eda91ed,1
andrew26,eObvIDB6,2baf0be79ab2b428b5d85da0f66f0fdc,1
nicolecunningham,mOw3vKZuh,c79b6b7ab8adae5df61467f454dff504,1
fnoble,qv81K0F5p,dce17868ac04be7a5ff23d55cf406600,0
gcook,gDtnWkMI,3565d4458da23d3610c8e2bcdf56fa72,1
nwilliams,EiDTwQPVRn,502de95cad0808aa61cbba96070fda50,0
adamswilliam,xyGc5iqRK8CYK,14ba5580f2319d52cf14857f74efb9cd,1
lkennedy,HLtJWBg0sBO,65108fcb24774e9c981e8513feac8e56,1
ambermoore,C0hEknkgNRvWJl,5a65e4eb32f15da2af60a4b0b09f3924,1
stephenrivers,nzNlcMqFXEA,4576a1d6e363b338273b40b61d358103,1
along,cH6UJuQAHM2eonN,4b4956b5e24f493a2a67b304a5d26ae8,1
bakerjerry,0HoFbwlydPQYKhj9,26d9f9e1059289a99de682529c4f2b3a,1
phillipsmichael,DSJk33MkzxX0HzB,f7de1a9b7da12313e431bb7a27d46e55,0
taylormichelle,xbRVna7YsY09,b3fe913a19ec9ff0519d6efb2643462d,0
brendagonzalez,u2WF2Kr8de3I2XT7,e369eb4c610fe787c48b5d0ebe85cbaf,1
atkinsangela,KBvUQChaqhe,cf59f6779cc1c8cc227524dc99589fec,1
gklein,yxHazN4vcUjl7C7D,692400526e3f172ef30a5576bab51b56,1
xhansen,OwkcCAwap39m,9a6573b648952cb9a4c0ee0fb88b8b01,1
monique03,kzX9Ml4sYOvL,31ff199e9d1cb6b84c5900f1cbd1d526,1
tylerjoyce,SXxmQmOTuoU8U2,f44f40364924c0aa941b7dba9a7cc298,1
jeffrey75,ViTVtWY8QSx,a5ca56b27fdeddf337c21a42d02d6376,1
christopher49,2cDN05AeAUpzLB4,4db780093f09e84d600645fa5a76fecd,1
xperez,QTLhtCGmfihwFD,5192368bd3baf59e6ccc2f9045ad6918,0
jvalencia,5lPzmaNvOtuNfx6S,d671a7f1ed5189f9b6057ed7223ad221,1
keithgonzalez,hIvIQlU1zOB,db35625af8ae4640e5b02f2eb65e8576,0
ykeller,pfCr2cV2Mmaf,871a583434ee27f47b41c49e15411d98,1
justin92,RgNtMlXRGLAFFu,5a78550bf2e2ec66293ec979fc83c35e,1
moralesvincent,xgaU2vsT2clgwZcu,c52bc2d9192f8dd82fa02c73231657f2,0
tperez,t1Ud24EMzvN,19df4d84415d87fbc4f09b1cab74fddd,0
crystal56,fvzb5zkCCwMWPnY,78e0c8ec779584e31edf178af7434561,0
michael64,2fl9oWsMMaX,23d29ae215c82be3e8edfe8fa6bf5877,0
castillokelly,3QUWDmj2,2e66768c20123f4d0551e06af820ebb9,0
pmoore,k9b87HayNTI,a2f9d6b47f17cb599300f639a753875a,1
sarahmorgan,SGqb1R2E,cef4ffb2c0ef8838ba59924063508afa,0
danielreyes,mbW20YyxL,175825335e55a88a19c56387cad87b6f,1
dmarshall,k4I4GhWZTvNW,86acf9c3f02b1b3aeeb6d09ef644f616,1
emmashaw,TJNw5Fp4op7p,1d4c31778daa3758a651cac78646ba01,1
hhall,rbiEIIP3ELI1,82dcec34775f8e341966835ca7ff29f0,0
davislogan,QoeoAOSsZ,5daa1cd22cf449384efea806805e6a43,0
lorireynolds,84XJsjpHzpQF,1f9d90cc9f9952f743e78ebb80f85298,0
johnstonbilly,Kn4X0UGSEHnw,7016feec90a6a2478599b41d91a1e076,1
bakerjessica,IA4WWrsPJaZwh0v,ad96ed86ce016ba5c22975b2aa394e36,1
danielrobles,RIjbK09i44sCSod,22590f87ae458ee0f5c0ef29b0c31a18,0
anthony00,L7uWJmhEmyc,65fa0f133f7704d7a331c91711b94727,1
inichols,xCYNubiF,a03c221da9e9ffddac96a73f8c9dffdc,1
underwoodcatherine,6cjnU1cH539Pwn,e701806a200ddb1dcd1ff204654bfd2f,0
christopherowens,WUtn5Elo489,d3090f69729fd70b666a6156ad79a0d2,0
meyerchristine,0OtHc4al,be88c9b8c9816ed05f62e013dcc744d9,0
ljones,EW9FdBh5ck3,d7f3dff083fb3fc85fc24d5b5bbb1ee3,1
jeremyperry,82TQAJVoe,fcc08b9dc7e77ca71b13c867abeb903b,1
baguirre,yl6s6qn1oaZteaw,b53338a82badd035f4fd9566d1845dfb,1
patrickcannon,rPm40pF7,ade93dd369aa046e4e4ae8d378c75a39,0
anthony55,7G5dvM0ABz8pW3,948fc44cbd156e3d3e10ec0a1f114f64,1
erica29,tySQGsRV,58da221fc36ed289c78e5abe4880359c,0
kingdakota,awe0nK5v,168deacd6fa58396cc2e65d2df836fb9,1
nelsonheather,XREQ2LwkDaqGHk,fe541e24f5625d2990a2cd68b73a953c,1
nicholasberry,IEnDK4AsBpEfRaq,278d8cb8b0d96fee1eb5192d815392be,1
james88,9Sx2OQuYwuK,4e7fc824a453ca91aac82e565bb255ec,0
hansenheather,n4ErLfbp,12318f25e1c5538ae1c775b42b1bc6cb,0
cmartinez,GUJoEzhv9cj,10cc28e45872eb0555dcd7f66d737895,0
jwhite,7Xxxt6GSt,d6ce2fd42fdd53fb182ed28d77dde418,0
david46,xKq1GO0fZq,fd36110853336fa6074a68c941bc665e,0
cunninghammatthew,Qva7R0p0sPJApV,6edb19355fd054e065176fc400cbd221,1
shawnbell,Hxm0exWFGgn,acf67fc5392af3fdd5d1a5021a572163,1
transusan,XQCy1nKl5g638S6,b7afa9874de0fa0e9234d3e025b63cc5,0
pwalker,wGJb1iie3,0e3258c5c9c55f2de0e0c3afaee2bc69,0
thomas23,QQYfOzSOtJ,6e8d03b72ce2a60ce08db2e72a9c9dee,0
pcampbell,lz5LeosSAzX,11811a684939e7e31e5fadc36bedd8d6,0
jgreene,y8YXghbc767Iif,ae3a4c3a59d2684650e7af37bb135aff,0
lopezsarah,8moWeOnO,67a36c70377a17f0f18ade999df2687d,0
shaheric,1HRvPLAxD6ZaXy8,c15edeadb07cb9320c5f39da8b4458dc,0
cookchristy,VPOHcYlbthotytl,eeeda36242061964c3384b2d09273678,0
katiemcdonald,gV0IM9UsXKw5uK,ed09473acefc83b6a4712359dcf146c3,1
robertlee,vpPm2uZ56x,e0c775e39fc3dcbf99d2a3349603281f,1
pam83,9GKi4QfWU,c661b5f716d54d849d91c880bcc965b3,0
isaac89,iGOrRHanmEpaW,1f194e59bc9a579e01d6499c1473f06f,1
shernandez,s9iuI1guMXP,644b9e1e933276da3bd4abcc86a53827,1
knolan,ca0tPAzOLG,117fff159e083d4d1ba741dc35695cac,0
carlyjohnson,BsD2R039gBkLJl,b2773b41ff8ba7e50fb9255e8e7b9958,0
ustein,5f3wXXEFcrAIKrAl,77248f12199d6fa45192190508ddf3c6,0
aaronbrown,rFO485KnfPJ,4a017922f44d1e9f2e39c159d970a1a1,1
scottcraig,BaXkEnvWj,f1988636ea46da9f98a74a964a22ae49,1
donnarodriguez,EluQjYeBHAU,8723aeda7db06a8f78d0b835b8e868cc,1
omiddleton,dwAJeNvfeAvuQ39G,4a983887432d00087f2ca07bf5de5ba2,0
nicole57,izlRcsm3BGGh6alJ,c60659951474c926acd4ec68ada325ca,1
frankgrant,iUBCtVGT,30e1de7af63a60ce187ca6c7fed78830,1
jennifer67,feNWOf1xySl86cF,4d517165396b30d8c6bca54ba01b9432,1
meghan71,JR6dkrypSmDN,cf897db908c740eece04f29c140798ff,1
jeffreywilson,bUjq3TFKW4,9a6309a0d679fddf188497f74c8fbd0d,0
stephanielong,ZBPfato0QQZi3k,d5e154a7a68aebd2dc1048d5eff9c243,1
nzimmerman,84bcRrqLzebnGbu9,dace49bc342800ffee050e3ff7254dc1,0
janet06,uLeEI5SMBJoWYHHK,22cbc02f1d977e16c691724cd639a54f,0
christophergutierrez,A45DbaQm,8f030d71cad7c8bdab0f8cf892f0a64b,1
ofernandez,JrMhrQbT9,325e9c00b7109ba1c3511485a022961d,0
yuelizabeth,PPy6yxsqiJPtn,53bfd9d624e112cff2681c4e2aee7199,0
iparker,yzoxkZHSW3GDb,6d28a2d9f5097ef6bb26fe19c930cb90,0
millertara,mEA3dC99Eex4g2V,7fa39c50c07ddf2438c198220fe76e01,1
ngoodwin,GeBQYlv54qQt,25bec5f177b299ba25099baf4f5edc3b,0
xjensen,FdrVeK1eGHY,213e9f521d6ccf86713971bef4af35ca,0
christopher03,lQSJJZ2tR,f1bcecf3524ac797e1b4e84c4fe916d9,0
matthewssusan,HxS61arks6IfQl7,abba88e0430b942f94fe571b7bb6d8bc,1
eric41,Z3FkXlIIm76Dos,67799de1b71f748ea3beaf2f7596bf61,0
oramirez,rsIqMPDSIx2SUZ,16fc0b29ad3cf2b3e7aed48646a51449,1
gcruz,hw7RSl3sZ,8c24f0a9410ffed8ecd68b76d21ee8cd,1
jeremy94,jlAP4Qr055NJURrt,0ac337d9cf878514b5aaa078f7ad4dae,0
williamsleslie,A5ajPSvAwd,4c96af9aa108e84e9ec24317e8d3f544,1
hbrown,jgVY5QIB0BDtT,de6639c32217eecaeb25b4eff0b776a7,1
ygraham,Ab7zLZWnmTz,62a4ca5a1ed4587cdf2b6fef87d41211,1
wilsoncatherine,TuN7a8xrQonRK,f391c802173fd864fca5be6ad88ebdbf,1
kathleenmcclure,ZYSxlx5S,de7f2d08b8cc99ec77f97e01b69793e7,1
thorntonjohn,q8MBogRaMwTTo,acefccfd47a1ce45b6cd31fbf2d0094c,0
joseph15,TDfKb19gz46xvLJc,f28576b7e43ca945944f154ac623d8b0,1
nathaniel38,PTaNEPVbakw,1a42f856d2a7b056c1a827b6ac20c427,1
morganandrea,fZjI37TYl0Ce1Ybx,e5bcd43053628d13e37a2686048a6b04,0
rebeccaweiss,V1KfJ0BT,ff825e98661e751952bf585a356aa142,0
martin51,cxhzMgl1k,0623de8953bf7eea963fe524f79ab446,0
wmoses,ziMTi6QyhHSLh0f,8e0fc50484c339d19dd1ce909019b13d,0
kingdalton,6wttKdGEJ5QuD,711727d5f5a6a3bf01f20e670b3805c5,0
callahanbrenda,Nv3ckr72pKr6MT5,cd42ed85c77944f006e051a8a003ac74,1
yjohnson,QmbEt7UawX,b67b0283a1c707a206ada098a22f8602,0
michaelgrant,mW5kpgk1J1zzoI,2a626847e7e28cbe4070563eca9cdf63,0
wendysteele,4t5zUvDph,cba6505871cdcf4af09086ff697a407c,1
raymondlynch,dtueJ0LgpstTAdRo,b2cb4718f18b4156a14b116a9a578140,0
rbailey,YFqjmrd1n,2bab19a45c4937525831e6de27f17f76,0
terri83,Eiv216O2,717fb09c2e2d65ed05119af7ff0a8f63,1
stevenedwards,ML7495n7er,e76d76cf45d5e329f503d33e026b57b9,0
joshuabeck,4QRxgzdttkhb,fa22ae2107cadcad8d64d8c516f2db86,0
millerlori,5oB1J0WND50P,586ba8d30f75c49eccaddc3cb1c927ae,1
monica50,608DzUnz,7b758ad20c8e0110c5853146dff8e90e,0
carrkelly,gWbRY6ZY7,25e351209b3909af0c79e501ea052cdd,1
jacksonjoshua,ogjkxJgVYb,ff4da721233a29f29d1d40340bbb51de,1
williamreed,puSYImTP8cpO,eccf80b8a8dcbe6e3dd25971e10e3ec4,1
gdavis,LeesyJX6y,e104fe1cfdbf146322f97a8353f8e84d,0
lmartinez,ZWOXEZkeHIJoy,1097d52c12be4d0adc11236356cce6a9,0
lbarajas,Y0O7M6Y3xfjN,d8af6db4d9727de43bbbd8020d35a7c2,0
john64,3KlEMmAHUpDMi8Q,fcaf8579217642be68ffd1930f7c7d3a,0
johnsonalan,Ne68zDcS,9fa0bfaca0cf660410d22ab91611f30c,0
charles55,02VRaNDYnWQRxTvE,5ae8e4e5c4e5ca47557e95bca34f546e,0
brandon38,W2WhFhPK,4b608a8bb0c15fbb1fa8701940621187,0
jordanbrown,ciO1FWGJJe7wU,5353600faf86794c4a77a0dabf15d1ae,0
lbarnes,0xK0uACvy,4f1a50d98775184aed764721a4e5ac0c,1
jonedwards,AIpl8jwN6,53b88db3b01ef91b77c73a06cf3e06fa,1
tpreston,4scBvLwNnvklyuJ,f83665559a86e7834a8b173b908a445b,0
hendersongavin,PU6J0j1cboXR2v,245608857b25e9e626142eb42fac3f16,1
halllindsey,IvXVetOimUvrC6,e3a072e11b3f1aad1b956d6056d1d313,0
fjohnson,UFPJFfxyC,d805a6f96c73be90838beab138a4a6ea,1
corey22,gmIy8hFXr3ZAVA,b21b810ebf9b901adcf80a9cab2a3e98,1
wsmith,zrCzSo6U,c315f9b071da315074d254e020a6fbac,1
alicia18,3J3D7qmowW,f6864a7bc03388a9e4cae7728f601fba,0
vincentadams,tEsyzhTvfYnS,30746910787247d06c7e133e04c71a16,1
druiz,NzaxCruy,968c747ad7349f7aa822e8eb3b4493f4,0
jennadickerson,w54urMmnLlqa,3dec8da2434ec6c21472632ca8234d86,1
james23,1uTEieGKQTuf0f,a6f56344e9787e327f98d4b7fb13e3bc,1
kristina28,pilo7cgzMWW,49dbb81d404c90e8db6e09b89155d5ea,0
amy23,S3kPPMlArX9Eie,5aab4cae71c665fe52efd554f3f08a85,0
tschaefer,B4C67KIXkZaB3Oo,51b13a72366c689ef1a7c4a6c3a955e7,0
johncastro,DONvNTQWNncHMf4,1fad6ab7233e87b1b2cdf8b57931716b,1
juliewarren,iHCXehj5ACZuz,3153edd76a57aa60b1b0850e54ca1ff0,1
lauren07,ZSQI9pi4BLsE,aedd863ceacfd42733e58d6a723783ae,0
bryanjackson,hXzmSen8FH,8e7cc34ba0b1c323e0b8a6d7f331a25a,0
ilewis,YiTf85Aota85QE,058eaa7042db8ee36130c05ca7e1a8de,1
fgarcia,cFHZwm81,45f687c44d2d5587f751411c439924d0,1
nolanpatricia,7jhYba8eTq,1298a5aa3c013ace63c226a9b629dc67,1
nixontonya,igMnIlXJ3sj7M,b0af14064bcaffa1973ddeec3c016067,0
rcole,SxNqIcimxJC,39fb19b2e865e5bfb105c3ac15c5c98c,1
qdudley,72Nw7hIiH,f3388ca08664395639a23d39f64a76ce,1
escott,IZ0uKlvzmXOL,a42f0521c72acedf62873da1db55cfb8,1
brendayang,jnmXdXCT0NM,6e520d243a8ab91de0d9af0fe480b8ef,0
gillbrian,fqN3Vedt6go,ac6944eb27a3f5a3c4bd4638272a7246,0
steelejohn,GQsKNpbZx9,00f53188c10ecc0a629201b952bf0f1c,0
carolbeard,K9fFEyqx,f349d159895496a31f8432c89974e204,0
alexander25,iyqO1GrSiF8T58d,c0314710c54b38af4f8e4f262c26a6c8,1
michael48,sgHQ9i8vuElelnX,416ecca68aafbf7637282c73775de4e5,0
dennis73,byk4GXdJkDsHhKb,f89f33f5b874a46ebfe273d7756041a2,1
tmorgan,lVXP0LSt,f460ab8b0b2c476dd163c9b1bebf362a,1
staylor,Yqw8mPcwzOOW0,b193dd17d90eb23d677da334793a82ca,0
michael96,NHTBVvkcoV,a9c6813d7e45428977f9f9e1186538da,1
sriley,e9iAF8eFYqVmG,df2832007dcde2bdcdf342c83178a3eb,1
emily93,PKka0llJL,c45096e5a55f8dc6dacf81409394dfaf,0
ryanbaker,uuFKTGUStZ,2078a900f600f862637bbb39dd8f43fc,0
williammorton,P2hkVj0wBoB8Ya,6be8f5e16d7b78179f5e6697e9fe7d34,0
qstark,OKpolfkZK5feOXeJ,3e31165bbe518ea7592e85b4cb90eb01,1
pturner,HPfXTHKKoc0,b8c049ad1fc7f3cdaa24be96cd6c979f,0
clarkejames,BLvYhrP7,7aa54eb30ab03c54ea27e04dfe91361d,0
stephen10,ncWVYmpjURm,f9b025ed4b06e7d7264cf10cb6c6dec9,0
carlafoley,ejhTXC1XkpO,57cac9896481bc890639de9aa6cdad14,1
petersenjay,sojbCEOhuBflIECJ,1116bd9f2255991f55f1fb548a789d5d,1
christinesolomon,9wrnTfox,28504878a8b6ef413b376e3a9d36f761,1
chelsea40,eX0sIN0TL,8a905ceb42ad73e2b475aaf6ad1be191,1
smithsabrina,TTUOko3gWtk7AZ,951dc5cb56d6a06bdafd72ff69a3ba8d,0
mariecollins,kNSoFezUkkqArV,f2698e0ecbe46a0968de7a038e192687,1
phillipporter,Rk0tbLX6u,b62686981a33d55b3ea56f253001bdbc,1
michele19,MFe3LSdQu8,d308dd4888889f52f1263676b59653df,1
scasey,8SnSxzswxTe0Lo,e16206cc9df19262b79e66a23930b39a,1
tatealexis,94nikg7R,127427dcad8a56fb7fd6e0d40e3b3d91,0
michael36,yaFLb6DkJY6,d13e1a726c93649963bcef283ab3faee,1
luisflynn,3pDFGnLz,04006ad3fe77129faa1467dd265d58cb,0
nbarrett,TGAxGdBVD,571566241667d0e470bee92ea2e61c56,1
owillis,OWOcjRjcJWkk,57babb1a0867b2ada294a975c2375827,0
brownphyllis,4GD9T3G2iYlXR,5b153c7e24701aaaa51c6cb82232486f,1
lucasdeborah,EH6FRlmm06a,80b71701f8cf7148510dddb06ae7288d,0
waynebarnes,AKFQ8bVVRqgRaV1,63e0db5ac17247bad9ab5cf5dd5a4e95,0
cynthia93,otx8WtprxbY,8923db0572c3a01bc677a5b56722809b,1
morgandevon,nvhww4KzpEcOv24,d9301f18fb79a733897c5dfe577644e9,0
todd79,PqNaLaBCdyYIx,b9b9b437bc41d90ec3612ec21eb6c91a,0
joseph17,XfoIx3nSM8JrT5,e80cd01f6394e1b3bbfb2f3c60b2a859,0
rachaelhunt,pnXBbxndgHpCuH,5c2548c8e8041a1d9a009df771231244,1
afranklin,A7AFLVdo,f5a45f43ed7d84c1ffaf01c2c9170250,0
catherinebarnes,t6QAVswZ,401c9529bd49c11a8ac8bc05a1e37d4e,1
ginahess,UeVJAGjz,bbae45b961996625611af1e3f0df755d,1
silvadaniel,bXwluwIAVW5V,02d3ef91f0085d759712084973b40df8,1
julieolson,lIkzbODpoD,c04a812c6f73d348f2ccaaae426ef62b,1
cohenronald,QVebwGuApf,500028acdb4a33f20e65e2ca75a1b51d,0
kristen58,9wZtT9kRz,9678385924869802c69bfde04a88e6e8,1
smithcathy,AleuAjoFm,d1445a2f7f257d3880de6e6781a3a082,0
pamelarussell,aRzyFABu3kJTY,d98a7ed7ff7a38ca90694cc528c950ca,0
ublackwell,x85msPZ1k,b8d940f563791b07c91220bbe1f33703,0
christophermyers,mesCFBmzxh,ffbbbe31ef40d7253ca7c782c4000c18,1
brandongutierrez,lEypzHDk1,841bad4fa6b4fd04a19f7b5102865a86,1
williamskimberly,FMRsyxr1c0pd0Vf,4df89364d916bd21cebd7433fe38fe43,1
annwarner,7GJ2o8tq,15367ef572d0b6e3a15c42c7916d5635,0
isullivan,t6ptyeORWfuKHOD1,37e6a5f2cddee9aaea1f9bce720d520f,1
newtonsean,dik3ay76YGvTLQJ,e759902173f4ab92f3a7aa5872895792,1
annwinters,1dMMKlADOE,be2a334cc0a729cbbd24b226239928bd,0
briannajackson,GvRXu0wX,b4da3ab46aed66e773d62226da0d397c,1
raykeith,2d3zdSKNONBZgY,9f3ab7def8dc427332ec454478935d97,0
jason00,KabFGUFv3H0Aw,d01dc2f7c785d7dc295a5cfbe8be3d49,1
walterdanielle,T551vhhOe,0bb6ed25d207d16946e6c7ff4dfe6f3d,1
kendrawall,XZjokGsFbz,96f682b353dc8925f7e5d6b925a2ded4,1
shawnawilson,5Xov5oEuI,fa2eeed61b1e320896e932d5b2b329e7,1
adam52,rbfq2rLP7NyAKdB,c8a5fc26a772f9b20f04043f00622890,0
beth11,pqXQN5pZD7PMV,6539c5e2d1bb8edbdd95ba7017f6f9a8,1
jamie75,21WRbbZoMjlEvL,92d250c4e4274874d8ea971558264a26,1
hruiz,DsScbFnOFizYy,cb166b38fc98e2a835a7595de9a85f7d,1
millersamuel,ij0y7TGZgD,38d02931a19e60045ae60bd3758639ed,1
jdaniels,jOTcxTZ8agc,ae2424ee3f80c93f429807e31a350308,0
ostone,7nfqM423VXn,2869bc6211a058828c4873ccbb12ff12,1
dawnpoole,iuBQNCuS,a1dcbc05b549fb66f2386a464a0b8835,0
eddie12,KlxicVzCQzByzSbn,fce700b2c85b8a4eb5ac2a08cd0bd94a,0
austinnewman,TwTcItDmo,d3a5a6329e24cbbc9843ce9438e17077,1
beckalice,5pMFghptl,6a3e9ff4eef97814f01a5be3de9502a5,1
michael76,nEPYxa8w6rYgbl,fa9222e33d52e4d8d81a7f3b5d8fd9c9,1
julie97,m63fRZX9Ua,be8724407a514b0db3f4e956f13361ee,0
jesse80,486w6aJhIiG,7bf86d8c83ccd347803f2cca15f7346c,1
xharrington,2V4NbEdcAHT,4d758c61534292be0ef10b6de6dd7e59,0
laura03,mn40Yg27b,4c4e284c7a65a15df1af5cad6b311367,0
alvarezmicheal,1RnKujeVG2o,40c6274e84279c433e62368e22e28cac,0
amystone,OfMEuP7x,4fe920fa526a5950beacf67fa0376428,0
villegasashley,VbutoIuj,59b1263acae9ae76785bb2444f0fa051,0
dunlaphector,nx47UN0xua961,b9d80debae308b4e05a419697f02ac17,1
todd60,NXkosR9WDX7qBv1c,3e93ad097a10be2b19566adfa34700ae,1
destinywoods,LACTHs5Ap,0bc30bc947ef37a4a1d43f58519b89e8,1
frances20,5tk7su3tL,61a60aa9c4dbb7b1570fa8b5d7bf92f3,0
kfox,j48aQflRqcZhi2,9a28a57d4eeee0c481ea3aab238de454,1
rdominguez,MKYNOfISgjmp,09abdaecb9593e2822e93fccf41f8347,0
blewis,KLnNeLKZwRYbkh0,882c95f97ae9620c5aaea3ea5aef041a,0
mlutz,xEzUtjmL,35da4fa519023c5500094cc546204a81,1
cherylstewart,Jux4JsbhbqItJHo,d724a7d84b4cf83a05c430f128652b2f,1
tiffany92,0oaHrX48hkIXzeC,e5521365db8f4b220736e38a33dd85aa,0
xmyers,lhFCtpX9,e37a1961b0fe0442b4f5f029e535dd28,0
nphillips,JUspIXGB2ZT,48036a3722590674aa07e98187aec034,1
sydney89,lgo7jVoAIz37z,c05985fd89e65ca4e17850260e2dbd2d,1
sheri39,KA8NLkfdql,4baddb495d0d9df5efce6b947d0c2cfe,1
claire25,KR5RNs1Y,865b60de4a28d02db713135c83309525,1
douglaswolf,Iqr6kCcIErcsIV,7a256ed7aa14fda7a938c33ed522942a,0
amandapage,gCXXSt6Ldr,8b150a7ade17d1ee59e0e7b30c4cbbbb,1
englishsean,0E7sKp2F,fa1b2e06da9d3076f8cf62d2a4c91aee,0
heatherburke,9kB2TMH1w2wwu3VI,424efc60bca61727380f1a9da23b40f7,0
jenniferdavis,0bIR3xyKObCsaW,7dac894d588292c2542f96c96ec1de0d,1
sconway,Sbh2ya9YueIqe,1de9086a88e0d22b687bd6e562668b08,1
mhill,YHnwHaYX,b48950ecd42db3ddac3aceab277f5563,1
megan50,GTnbjw4mumR5MT,f2110f6050cf9cb7e22f58e2f19a6acc,1
leejames,XukEWRIVhCT,4539e7c96a9805d2b9060a5565e39efd,1
melanieellis,xhLWuzUZ,3d296cfb79320906d5e6f42491f1aa1c,0
walter76,QAYSOm7sAn,d35e0f2f6a54fa4f8b4c1c89a65ddf16,0
melinda60,ZVbvZ4lu0qj,265347dc0386ce4f4de1b18ccd496c1e,1
staffordmatthew,mdr2qeVx,06a32eb52c86c5ed7000eb2e97afa8e5,1
kathryngilbert,KSRKJ6NVjyPok,422b52f69c2c2d8532b6c9262e8ec837,1
aparker,MhB5TH1sNR,257ca9e7280c86dc90292a2444df5253,1
rbrooks,WTVPB9hxmXwV0J,75ced8d1feb02691f0e0f5c6a86a2791,1
barberwendy,mKvR6x5El001zL1c,c811d446489c18ffe6a59173d162d5fb,0
hunterandres,0gT8JlwSLkHeVc,06a50cb2bd1cc972963e6c2bf7a01fec,1
stephanie91,49KHUfX1,9536695bb1c9951a021fe32aebbc6721,1
andrewkramer,yTGnZwbNF,da4bf9f245cd524fcfcaa0b9ccc720fc,1
christopher96,FJmRdrxux0CDTnJ8,26bb811f5ff9f80b40fa4b45ebe50d02,1
kelseyjohnston,0nAtzDIyWX7PHM,6e437e03546098b9ce0e439687a4ed58,0
joshuamoore,msOD8lFIT90CwtPf,c7c9eac262d0772b5766ddaa5a3acd03,1
brittanyperez,qyDXLAwJeVXLhqSr,b0bb8a76bdd6024c2bf5e5e8d80ea327,0
nancyscott,oixxqVikr,da7c88d74764de1414c54b491cd1247a,0
dustin94,KxHiYyIm,996eec8a1aaf9c91af5eaec8c6f321d1,1
christianvillanueva,xtnRTtstXaRW6c,aa9e24a803340d92b535356baef0efde,0
ldickson,J71WkXhrq1TmiJ,2906f455ef73b2a69391abda23048cf5,0
monicasmith,6qZBt18DItMpP4,158cddfada4dea35b6e76b30171c1205,0
wgregory,2TCDWvrJ,243c9748e79ae103e68c5c9f4edfbc5c,0
christopher94,y6TDK6rKlwQU4E,bfd208fea12ed106702b0a889b6cbe2c,0
adamthomas,0g8SzdmLn8JoLXop,acbd65e80d548c87c228d04f08876223,1
joylowe,x70toynUeaBaNR,c3231d5afd3218ae210907aadc52aca9,0
fmartinez,Wx6XZBj4MLuI,d98267355bdb14055782b178ad3cf344,1
gordonstefanie,YFtB5lCstDU1c,834563a5e385d6616f6a57812c62db38,1
stephenbeck,vLOBNuGgIMJ4qem,fc1c44dda1aff776924c3b5701953bed,1
phall,nIpxGT5C8c,b0c62931b05fb8018eeb6cae56511c0b,1
emma31,iHCmQbj9hI,6c6a282e4d6dbef73ee7224bae8d3cd4,1
tracy58,WcndpEbF,4ea4726fa92cc4207d141d8873182316,0
jeffery86,Kjod75cOAN0lT,8ccd3c6a7de2790e219b815b6bd7c165,1
thompsondaniel,E6EGIzmrVeyb6db0,cef3ddb1e128cb7507e6899f8b8ce6eb,0
blackdillon,kMFiC2XwVC7F,595922ec556b0d8b302680d7a0c10d6d,1
qthomas,DNJ0C6qg6vGsx,0ffbccded69383181dff195d8947b35f,0
kathleenthompson,PZNaLoNwu,72c048e952270b90799157925fdca21a,0
bakerterri,QN5n7tpp93MEI,83460336ac7e4332d77c79a99cfdd89b,1
whunt,OpIp4UuC5Wgu1u8S,c8cc2ddf1de5ae8b55c7db640ecbb505,1
yfitzgerald,RHeHiwoEi1f1f,3a8569fdbd24902dcac04b6e8f64f84f,0
kelseymarquez,CX7vHXXW,5fb61145301915cf3cebee1ed663fa0c,1
dianatorres,DQ17Pl5U,c85748df062cd810f90b89cb0494348b,0
kblack,YB5Cu9dSklMjvL,c6e6b8993ecacc7354d1ea7727a4e52e,0
nclark,7zghADIuwb,cb981f77753f7750a06af601583597eb,1
gfritz,s9irhgFJkQ2Qm,146f3adbefa32287d845f7ee40a8a1de,0
rmartinez,stadCbi9wzrLdt,7291cdb1b2ab984d681e080de04a92f1,1
kcurry,VWPRTNjObk,01642eebb693e7779a2a2c517c9403d0,1
harrisjohn,bFzky5h8OqQ746,85d74d70e88822e009f0ff1d0c369c04,1
jrussell,yYyNF7mYCn,3b326c14413a4de8512c2cda4527be4d,1
aliciarobinson,fxm7xnEe,77d455f0b586b61bde5afc6356f28553,1
leemichele,xoUF15ALBI4Pw,6d7494f1b5b898c5991374cde44e6be0,0
cassandrapierce,whem9A91L,8b22b6c1e96105123fc363dce91425a0,0
pburke,kWpDzInT7Tp0juxI,e2e78caca1d349f36e358cb8dd7a9064,1
emily79,yBh2Cul29cq3h,5860427fb9a52fcc111e3a52ff1f9eef,1
belltina,ooiRPPRRd5SIGYC,6426dc08879e0ab93b733035f9661719,1
jacquelinejohnson,SXTMplZfgkI,1ff393ce1055c22bbd1b774b1c9e2d90,1
scottholmes,1CPeZZ7SjHiLvr,c0f28ad326b7279208ac35ebf6b669f4,1
margaretthomas,D5ZWJ4BkzZziLUbN,ec3f9fab93c1746ea29a141270517df3,0
mruiz,YQ7UFloV9Qu,94439a117374cc5d31ded57278ad49e6,1
mary46,lwJHxacu7,329ea56bd9fec665ab140a1db5a6b94d,0
joann41,qIl558dQ2tMPiZ,e45aafa749f1db2b00a9efa82378266e,1
serranomitchell,e5Nr2s0LxlD,a02564ef813c7e565ecd6434ac7c015b,1
hallderek,BPFBWHPar,1a1d03cc88aa27f38e0b7f2ceb7e2347,1
melodywashington,U2p1pkNo20s8E,d87048add4760cd5510ba7bd27d35cc6,1
zacharyschultz,dwc9mV0bsR,3bf81c32e5d9f131c82c9d199876269a,0
darrellmorris,LQOjaE3is69f8cL7,a9de690e4508108c96f5ec635fd89676,1
wardlisa,pDllRZUev6s5,442d093ca7af57f2a821997ee605069d,1
jamesphillips,u9kJcYzn9qZmC,4ca39380e3ab2a2cf0b28a43d5f20e19,0
vcurtis,95azWvpS07J58,ec5a55b2e5d5a8d54bcc24baf1538432,1
jfoster,jIRN1btfeHKk,3984ecfc31cf571a7b81d35aed5715ef,1
ojones,BTPC0Oo8,8faeb046ad7652dbf63fc6e1f4ab74f5,1
alisongreer,fQ2L8DgO281HH,4ea5e5d156e187cb8898dd09bbc119a8,0
lbell,ZSVGJxh4hDzQcT9l,f8b88f885c054237d06ca695bd9aa6a1,1
nancyjordan,FIkzrjnCEn,1413aff23c6c28525bd45ff1fe082a21,0
darrylmoore,qIwmZTBm,eeeab38d6f0ba54d88d0905bb3f54654,0
imoon,rofzXKCZjdUS3,699ffea0f1f3b13e63af76d2cf4d1d93,0
cgiles,MACdAylcQ7NrKVZB,1793d608e132e68d7c0b72b9cc6fdfd8,1
karen91,QJRHZT8Pi,96510b51c57efad693d404ee8d71baff,1
deborah11,QptXRc1w7IO3N3,1b48dd1f5811df3894dfa9c5d8020f65,0
csanchez,g51mdqViV,cb47b720638204d34e10f0347c886cc7,0
valenciafrances,wLBvxOoFa1n,9ac221460c8a4e54d0ecee069446a0d2,1
owensjordan,RHLZg4IHz,b25dceb8cb817ce2b846d8239423684f,0
jacqueline62,6EmxL56Jc09BRKMW,ab602540c9a0ce30bbf72d202e193961,1
colleenshelton,qskRVqELJ,9bcdea7a970799dcba1e29a778e5e133,1
stephaniesantos,epSDvfLDi,42af2f290f5938580d60d2a8c2bdbc33,0
alexanderthomas,ingx3DqRb4pMP0N,92ab48d48275a8c3e6ffda2d68d6bfee,1
michellemata,Fz23oxjeyeaR080,8eeabd14ff4fd86c7b5c88264ce77ac3,1
carlosramirez,YmBfNkwJsvPc8U,83c28154833dc326596866383c453ec2,1
cindy94,zqLshkxAKU,18e5eb32455928b7604e485a6f71d086,1
tbraun,HXblWa55sEbFs,fe9494c158c9a785b2042f1c436c3c69,0
thomastiffany,Ek7p95YcXO5h,7029c7d8b3c724cdaf9513913a6e54bd,0
reedjonathan,id3pklfdLLoVV5,9eb56ca4dfa10a0c67be597a20c482be,0
bmyers,AJv9dbNh,050fc6f7bb5452349a2c2904625e4b02,1
denise31,XuXF8pYR4,d51a2ff41b4288be670923475a43d4ae,1
johnmills,vZpVZQPdsUDat,d659714a027b5caccce76ed3b61e1c82,0
aflores,odM6tEOh8,97ea9e553c6aedd6d7f1825932fa272e,0
robert88,HNEfgQ7m,c00dbba7ca7dc475d7efc6563a128458,0
jenniferbaldwin,IJRClFmJn,fbcd4cd10128b849148ef94a18d8fa65,1
tbradshaw,m4aP5XMb6bRhRsw1,1250cc51bad0b6c45fa9b7a7a30a716f,0
wallacecynthia,uCJ8oSuqigbdT6m,4f5c4119031415109d707d83a0890519,0
laurengreen,LUfh6wirpM,09a5c0b3d9431971c52ea8343e352f69,1
christopher27,W9t9T4iSpHJDQq,bb102bdbd74888c291fd0d55e103acb3,0
hughesdawn,jEl4W3JL,23261bb49f4aa78411ce106fada2a174,0
welchkelsey,HHbSaQMn4w8,5837478be3f60db6bba7b0883d5b5d4f,0
kmcdonald,dI41p0unaJp1uzp,0fcadc05a00b1cb61b52f125529caf98,0
ethansmith,bvMlpdpRg,dc272fe255b150d9a3ce255107f0454d,1
francojean,IKOnTPUPOMSj,eae47c43b68760995378a39e416b3506,0
toddruiz,3ZGX81oJmD99MWpK,a30c5cb03110e5c9963bd91879dfbe53,0
fanderson,x8NhewUiNhDuE3,448323114078f84f449e9ad0bdb73f19,1
stephanie20,gnv8r3PqQhzgJ6m2,bc4cea3d9f4b65aead2fce45690401e3,1
matthewerickson,6LOWdzQGPy,d3dc6a8620cf72de44456c65d7b8ab52,0
sandovalryan,VUnwaD6bxd05ZWC5,aff09d3e27f69358f2aba63c8dc1eb04,0
christy35,hUQkqt38Vp8rlD,0a6b78a5c9e5eb589757e39bdc89aa8c,0
ichan,3lSgs9IVtfEL,e44d61de7f14e83d9c1a65b8e8d02b8c,1
wrightkathleen,p0UoEDVGKNodQu,97d38d1484497dfebcca9c32527f5049,0
ralexander,VuaEH4AF,e9a1436c11d1bf9a50bcc4f1b852ba4a,1
ronald66,efAbG0an,03e85b97ca00fe6c8d525e5f8d977557,1
brandy18,3MEPzqbW,9db10d0b63dc5838e6690d6ecce00a0e,1
aanderson,7GEz3n5w8K0J,f580b43d63d975ee9defef2adb40e2bd,0
ppena,hbjH69Ty,df06ef29be20191c8bd05970e45cf4e7,1
gwalsh,ENRYAWKwud9sj3E,b8a0fe72d841a7f36b7191461f85ce17,1
kevinrose,SIP4YnyZWRo29F,8bc00d6d0f457b65bdf1b193f557420b,0
aaron20,SuE673jqEuA,74ad649735bca2f08c96f8ffde97a788,1
morganmatthew,QU7Cu4T5iK,122e12ee4987640823704cea08ce88bc,1
johnkeith,kTmAuWjLaLbaHV,4ede47d4b1245cf2e3c4e31dc86172ad,0
kgreen,0fbkwFrPAaXftjV,e243a381e534e9b5e9f0007c22c7c4d0,1
gross,h4Qh8hgPo,a629fcc7769f0cf6e1fe8103fbb6458c,0
rodriguezjenny,52ltMJ1JM,a763ad23cd83d5845aa395e808f6a4a5,1
amy84,mRRImwDwGe,6b9a574008cbcf585341b051999952b4,1
garciachristina,hRFQa6fyiQ,c4d17ef1433b6af1497399e299c3469a,1
sanchezmary,cuo2KZMvR2n,2299a40bed796e644013f1ea72d9164f,0
seanmartin,WsZBwO0wT9RxL7TS,820f7763f60c908754083b8abfb22e19,1
rebecca27,Df96MwlTNdwvS,99b787e7a35f6ed70e6827638ce22f5c,0
castroallen,DN6LoJjPMHD9Nj5h,447bea3d3616e3dfd1fda8ab66b61c83,0
garciachristopher,Q7iFu6TjV,6afcf4d227eda62cb3f98f71dab50c7f,1
uclark,4Xvq3fyFDJ5eh,0a8f90001689e09b748cfd615bc69359,1
pperez,9LWWIYJIcuGkd8o,ac3aa50dd644395c0bf034d1b4bd3858,1
jacob09,FvuBfNDP2sfB2FF,4ec228bfdd25d1a106705983a5777aa9,0
mwaller,YeMt9DoGmwx,3c5de0b4890e149c5b98dcca2b8e85f3,1
justinpalmer,LeKoAmjrgi819QIg,a8acbda4623fb6f7e752876d753da61d,0
wfuller,xl27TcwTbDYVk,768530ddba31575b28a437734b32d64c,0
tgilmore,RlE0yefRS,146393804c46f2d1f50d88024d1bf7da,0
melvin22,oZXlClo0a,74647624db11d83b7f00c482c5736688,1
rachelmorris,dveA3azvZS,e1dc5594e65f2c35ee70e5c06788520b,1
watsonchristy,wAv1FHMHAfher,a65f7cafd4e25da95286bae64fa88e7e,1
emma01,raXYN1Vgsf,b36d5c5e5116a7a10490bf31785dcfdd,1
ldaniel,TKsWm0QgY3B,e30dc57934611014b2cbb894b027987f,1
lisabean,YzyPdpB7Hz,244bcbb46abfb7e1b8d90434d71199a2,1
andrea07,bTcwpjDU,dd3f6e84902d2cda772ec8e31ca0f593,1
ymcclain,90IZ79OI,92108cb94996edcda3f5b6cf9a21a69c,1
mrichardson,zpf2Aji3UpPSV,181b1c5c46127b95afe2cd51754303d8,1
carlosbraun,gDiDH2Ned3,5e8a0e0df81db390934d7a4892356f30,1
ballheather,8l6TuPCvs77,ea832ed7a7d78ad334a92c0104e96e9e,1
naustin,jGTajBkKS,e070d167c009a5939750a006c85de631,0
pattersonamy,yJ4N5RUC0X,83f7487976a3594db6fff6a4ffc41b0a,1
jocelyn03,FFgCbCjmi,ae3c8dd68d878ac578fdf9ee5c84524b,0
marie67,z9xLLTdVXp,baf299d6079c9a6383201277c98c44a0,1
caleb01,0jsBb5zKM5,ba7ea94d0329a5e3084027a057fb6a88,0
nicholas66,TF6efu7viquui,50cedeb5318fb0c8a48048432492b5e3,0
justinbonilla,gcfObJgVrwKIj,d0ce4bb835e8339a737322b2772808b1,0
burtoncynthia,qXN4SEQukXlW,0fc50bbd71fc9868e51b6d9d46e0d7a3,0
rmoore,h5I9Mf4oT,6e5f4b49a1d1983dd80ec21e7d54b722,1
zhardin,1ZJYUO9R1W,5e8d698fe795eb5decdc4792d0ff35f5,0
terry54,DkexDKx25Z2R5,489bff3aef205fac8b990c6f17ff6914,1
lmeyers,oB8dmkMH,b346b5f4e04e1d9707ff2b6096f1743d,0
michaelcoleman,bDIMHKvWX6e,60e18ca4a399fb51e5fbfa370610e29b,1
rcollins,3LC8M2Qcq05sdtx,54a1b804890c003f3f53fa3d024b4cc3,1
veronicahall,8j8IAelBSc8,dde59d90414cd32901fab259023be88b,0
webereric,dawp4WZg5uPBui9,6035ec5dd3cdfd6fc975d45cab012960,1
xwiley,VqqTuCfC,fa5e6fd5415f4b8c1d65a0c537bac83d,1
thompsoncassandra,ie91rVQaNmg,140d4fb4e191f5aee589973f112f2d9f,0
deborahwhite,3Jag3Xfo,4284f70b52c2b15d8bf1293c11b468ad,1
lleonard,M2usBd16,c347f60cb018bfd5a2bb35d5e65268a3,1
randy48,D7MSfqvf54jNXWc,92e2d424e4d860d471c3719969231aa9,0
mooreeric,7FnGHmm79ijF,e38d5e0e5e2bac5c7aa87510d2d56ee5,0
guerrerothomas,GGsp69vggHeNLR,9f3aa63aa23aaf8cfe6c4624c0fb84a0,0
jessica44,c2St5fbXZ,67413c59dedbf4ee43694c9135199c9d,1
rjohnson,3GPpenqO9GyGg,6d95ee12a16f13a05eed2df6e172d218,0
kathleen10,NNi4Bvvt3,1cb1c44b0954e3680dc6979385f2a4f6,0
jeffrey74,IqgGIvw4IXRP,8b2be3438365b7ae5d38cf5afa4ac85c,1
nicholasjones,E1EFNZ2Y0hGZHBw,6940d80ba50ab5a1755e8a93698b90a1,1
williamssara,8o9tNjFt37h,150102b76a341bb5ffaf3adbcf3cee64,0
adrian40,JIQdUl0Rcxar,1df911738b7a227616ac01393beb9a8b,1
johnsonbradley,kUXrIe9Z,1adfa55ecbdadf87a7584878d1cde814,0
terrymiller,qENhzuSyYNcDGdd,6fd56b72e22bcedd768de3656c9a101a,1
andrewnewton,Zr4UW4GVb,8f58a67c69829531ac02321c08a56335,1
laurajones,VUXMVcMD,05e52adc7a0859061582547a8cc665f3,1
lawsondonna,rQ121Cxfl7jhP,606d5ee2532eeabf8480ef2f6eb395cb,0
lorimichael,NPvh8sFcSHR8ivGA,f26ad682102338c158daa5678ce6af9d,0
ubenitez,RDGVJfxJl,3c77b0ff257b720d64f71e395efffb20,0
ambertaylor,KxWaJCZ2VMf,5d143508b7248e62ad7019ae4bdb299d,0
jessica68,fuwpeN9LJR4AS,2536aaa202bb2940d5a31538bf68d1c8,1
christopherhunter,2JLlkboW1miyYJWe,2e3d5bea8206fb8e5bc042c14d631dab,1
crossangela,bD8Bfe1e9goC,7d86bb43f69f116b192e9b92591d8316,0
danielvirginia,VUrj6QyanEGr6mj,3201cc0e26043f951f5ad99add94a9bc,0
allison58,sGAJlxKWQFoA,e353fa9b3501201ccaa13926c8f8ef9c,1
pstout,GOZsRvXlJn5A,2a45ca919e98f0f074ca1409f4dea60e,1
hernandezrichard,f1bw8elN,e32b14bf9acee4a6dd13c58bc2a05527,0
jill58,0zPB3VWXtuZD,ab1c91c3acd0495284bc253e8301143c,1
andrew02,L8D4LnZwIfTI,9638dc45499abf3d83e81c1f819355fe,1
joy32,z8w8eBYm3GDLEO,f9ed9c4db6ffb9ff0cb0ac7def85f2e6,0
darrellburns,e6nS4n41uKzm8f,f042589c625d15766309146f920e3341,0
restrada,m2okYelfMMYbiVbe,5ececc52f47f41a36c214298011e7052,0
lisa02,wUzQr3YDB1l,3304228009f758d03ac7236964985458,0
lisa53,lhv3BKVJgrl,2e5d2f6232b5d6f2f452b61e56c6d9e3,0
shawtroy,quOJN21Z,aaf1e29ef2764ca629ec5b35046b3423,1
manuel19,IzMyVRR5TGteE,f2a45cb14979652765ec09b2cf2ce7e3,1
michaelross,bH6gyLRwyF,53b8787a3cfd128ccc5424b93460fd06,0
bernardkim,wlPPqaXc,df488d8f8df4607454da5edbc53f3e3e,1
cgrant,dAqPt1ey,6d1db688109a3ca921097da0136deb3b,0
jesse06,oPaKTgbxGhSrw,5ba57e2781bbd0063bc0b4054be2f5ca,1
kimberly24,3rRiYsbIAN,f547b9f95df6ee7d1a4f8639285f663c,1
garnerjoseph,xvvn6W2v,ad0601f46cc96703811d9c54bbea022d,1
forbesdeborah,nbDN68pVkjJ2uKR,794ed2122113d14ae292f7741fa7ee39,1
ayalajoseph,BivcHSA8,9610de52c2b8ad4aa75e04ce3d793283,1
jonhouse,lwLsy72oAdi9Vz,87a88d4c17c43b589b24bfd0ce30d346,1
jacksonjames,YRzS8WL8lQe,a71dc4e4fb64fa8ea7c2a20c8356d298,1
russelllisa,ONgbGBYfiZPKxW,cfb5917672000d9990398c258b98c799,0
scottanthony,E98xwvFyPDVt,bf9fc3bc90b17b9d4067aedd5055ba66,0
markwu,oew42IO2Q,ed0114922288cdce32a6fc9ff24716a8,0
brandycardenas,Hmk65VQNXwK0Lf,9d2b67bad6b102999240d22c6982b1c6,1
daykaren,58G3kO5n9PkvcUy1,83f655b28c8fb6d5264294392fdf5ec6,1
shawnpayne,h3GGdLCVw,94a5bc99b9ad8a992df13e116953f328,1
vwatkins,FcbxnQ3MMus1,e69b7c3d6eecff6818bee9886670b6e4,0
michael06,oF9dgrCbp,b94ac80b7a3b1603dcb1b85732d73f30,1
jacob36,uf24Qti4gCxV1GFS,37d7cae7e23ce8a48554c4865fedfb56,1
estradasarah,QuWTIJfl55n,3d70aafb7ff7a28b23f874e2cdf354a5,0
zgutierrez,gSJgTDb7i4XEOKHr,b7045498f132566873af40a8b5742398,0
ericpatterson,d9TdZjNhK2bKrLnL,c9cf39b0f31e83589e5ce56025966781,0
vwilcox,tRh3eWQFVH,d5149b730b39c3eff136e6371176a192,0
johnnyhaynes,lXvLm6bSBr,78bd55154001d49955789202d72f3e27,1
rebekahsmith,CeiWhdR2fw1DxDm,7ff143e65c092f4502505b11313df083,0
coreymoore,CnEYCc8brFMA76,7b1e6f815e27ea3c0c31f817595f12fb,1
raymondboyd,nwvCpksCjQVr,b086fe66a985a40f3b79c3ae6f0747b9,0
uflores,kp5UpsbKbTuN,3a23739cfa1e650743aaf4cc9ecc60d0,0
hhenry,dfrdt16d,fec9f8151b460ea2a1f50739732133cc,1
catherine44,R4jFWTSZVRe,7b328da13cc09e7425ff05e2581bc65d,1
nicholas80,eL3vp5W1huK0NIN4,d86b6cdbe016e8eea5323ae85145ad67,0
gpineda,qwpDqnlt81teES,87b3b416d6167f8bcbac0bfe8d9a9b59,1
robertsimon,dqIIasjSS2jDv8F,0e7249372e01319ccdefd745a4cbb5da,0
bbowen,Z8aX3RKPAIuytiJ,b879a84942b06a79fd3b9343d0e3dcc1,0
zpeters,J2NNnNjZoYbKus,ed08ce229cbc20057e19d7b293d9b48f,0
jennifer00,8kHQt4WnBIbVT,22e8c2ded9cf0df4a2ed9c7f76f788e5,1
yshelton,WzA1sWTmsj,de71ae35db59a76e192fbf2fd2b4af20,1
andrea87,5mpULAaXuH,5e72684268904fe2c72f0b28b73af732,1
zlane,R5s34xBQTqR,dea3c87796a1f0aba4296a8d7ef61fd4,0
lawsonjason,oPCOow84nLdvdUE,0e09cfa8789fe8c589c0b50b3c9f8b86,0
gjones,siRXN6Vu,3141a3fc9de35f045448abf1b66471ac,1
kristinachavez,e0n1Wir2B,1bfcbabce388131f96ce39c377180999,1
tonyacrawford,b85OouxHnE8jsIFQ,36d794e6d72b0b258079ff9bbea28e7a,0
jdalton,aCVqerh4ae0kQ,7b14765e0fcdbffe656ef4a56fac8dfb,1
qpatton,D8PpJO1ci7vWtNg,86a2efb60748b0272fc7bc17b60e39d9,1
hpeterson,K1KMjCZC7S,434663c97a3c423dff57ed0ed80e2e37,1
kimberlyward,5fXMYbY6otSaub,ce00fe088085e3041523b557f02c9374,1
phillip89,IaGZ3ndYDrd6gJX7,305f987180141bee3f1ee1fcf434483b,0
parkerdavid,hG8Ctcxvxx,c5e82a0d0a963f8f2253c9bd926dcbde,0
dustinpeck,p3G4Rx2fa2FmGh0,e94cbca1b485b2a883a65d8ab4801bf3,0
bradleyburns,eP7sZnhzZQR9SV,27491afdeb1c90fbc4f86e95a3433efd,0
berrybrent,ruyRtKvRUTZDrS7,d851dad3c714c6d88994ee3c1b24cc39,0
khart,0G4WajFdHxOHV,b2269471fee5eb36581cecedd18a3b50,1
christopher52,TuD6JgFw4I,e9172e82f4b7abd800e803baa78ffca3,0
cdurham,c5jOzwSAlryK,5d7199095011008ccbad31ba5776b746,1
dakota19,uxXw9JOHuQ,d4a9c3c2f110f107cb3b01dc92d4d944,1
torreskyle,fivNrviRc9r1,3611872b9bd150b5afc6597991dec159,1
